,race_ethnicity,start_date,end_date,new_cases,_7_day_case_rate
0,African American,2020-03-08T00:00:00.000,2020-03-14T00:00:00.000,,
1,African American,2020-03-15T00:00:00.000,2020-03-21T00:00:00.000,,
2,African American,2020-03-22T00:00:00.000,2020-03-28T00:00:00.000,,
3,African American,2020-03-29T00:00:00.000,2020-04-04T00:00:00.000,,
4,African American,2020-04-05T00:00:00.000,2020-04-11T00:00:00.000,13,27.38
5,African American,2020-04-12T00:00:00.000,2020-04-18T00:00:00.000,,
6,African American,2020-04-19T00:00:00.000,2020-04-25T00:00:00.000,,
7,African American,2020-04-26T00:00:00.000,2020-05-02T00:00:00.000,,
8,African American,2020-05-03T00:00:00.000,2020-05-09T00:00:00.000,,
9,African American,2020-05-17T00:00:00.000,2020-05-23T00:00:00.000,,
10,African American,2020-05-24T00:00:00.000,2020-05-30T00:00:00.000,,
11,African American,2020-05-31T00:00:00.000,2020-06-06T00:00:00.000,,
12,African American,2020-06-07T00:00:00.000,2020-06-13T00:00:00.000,,
13,African American,2020-06-14T00:00:00.000,2020-06-20T00:00:00.000,12,25.28
14,African American,2020-06-21T00:00:00.000,2020-06-27T00:00:00.000,33,69.51
15,African American,2020-06-28T00:00:00.000,2020-07-04T00:00:00.000,18,37.92
16,African American,2020-07-05T00:00:00.000,2020-07-11T00:00:00.000,33,69.51
17,African American,2020-07-12T00:00:00.000,2020-07-18T00:00:00.000,35,73.73
18,African American,2020-07-19T00:00:00.000,2020-07-25T00:00:00.000,41,86.36
19,African American,2020-07-26T00:00:00.000,2020-08-01T00:00:00.000,33,69.51
20,African American,2020-08-02T00:00:00.000,2020-08-08T00:00:00.000,26,54.77
21,African American,2020-08-09T00:00:00.000,2020-08-15T00:00:00.000,28,58.98
22,African American,2020-08-16T00:00:00.000,2020-08-22T00:00:00.000,25,52.66
23,African American,2020-08-23T00:00:00.000,2020-08-29T00:00:00.000,13,27.38
24,African American,2020-08-30T00:00:00.000,2020-09-05T00:00:00.000,14,29.49
25,African American,2020-09-06T00:00:00.000,2020-09-12T00:00:00.000,,
26,African American,2020-09-13T00:00:00.000,2020-09-19T00:00:00.000,14,29.49
27,African American,2020-09-20T00:00:00.000,2020-09-26T00:00:00.000,,
28,African American,2020-09-27T00:00:00.000,2020-10-03T00:00:00.000,,
29,African American,2020-10-04T00:00:00.000,2020-10-10T00:00:00.000,,
30,African American,2020-10-11T00:00:00.000,2020-10-17T00:00:00.000,,
31,African American,2020-10-18T00:00:00.000,2020-10-24T00:00:00.000,15,31.6
32,African American,2020-10-25T00:00:00.000,2020-10-31T00:00:00.000,24,50.56
33,African American,2020-11-01T00:00:00.000,2020-11-07T00:00:00.000,41,86.36
34,African American,2020-11-08T00:00:00.000,2020-11-14T00:00:00.000,53,111.64
35,African American,2020-11-15T00:00:00.000,2020-11-21T00:00:00.000,85,179.05
36,African American,2020-11-22T00:00:00.000,2020-11-28T00:00:00.000,65,136.92
37,African American,2020-11-29T00:00:00.000,2020-12-05T00:00:00.000,107,225.39
38,African American,2020-12-06T00:00:00.000,2020-12-12T00:00:00.000,134,282.27
39,African American,2020-12-13T00:00:00.000,2020-12-19T00:00:00.000,154,324.39
40,African American,2020-12-20T00:00:00.000,2020-12-26T00:00:00.000,141,297.01
41,African American,2020-12-27T00:00:00.000,2021-01-02T00:00:00.000,182,383.38
42,African American,2021-01-03T00:00:00.000,2021-01-09T00:00:00.000,181,381.27
43,African American,2021-01-10T00:00:00.000,2021-01-16T00:00:00.000,125,263.31
44,African American,2021-01-17T00:00:00.000,2021-01-23T00:00:00.000,98,206.43
45,African American,2021-01-24T00:00:00.000,2021-01-30T00:00:00.000,45,94.79
46,African American,2021-01-31T00:00:00.000,2021-02-06T00:00:00.000,49,103.22
47,African American,2021-02-07T00:00:00.000,2021-02-13T00:00:00.000,41,86.36
48,African American,2021-02-14T00:00:00.000,2021-02-20T00:00:00.000,26,54.77
49,African American,2021-02-21T00:00:00.000,2021-02-27T00:00:00.000,30,63.19
50,African American,2021-02-28T00:00:00.000,2021-03-06T00:00:00.000,24,50.56
51,African American,2021-03-07T00:00:00.000,2021-03-13T00:00:00.000,26,54.77
52,African American,2021-03-14T00:00:00.000,2021-03-20T00:00:00.000,13,27.38
53,African American,2021-03-21T00:00:00.000,2021-03-27T00:00:00.000,22,46.34
54,African American,2021-03-28T00:00:00.000,2021-04-03T00:00:00.000,25,52.66
55,African American,2021-04-04T00:00:00.000,2021-04-10T00:00:00.000,32,67.41
56,African American,2021-04-11T00:00:00.000,2021-04-17T00:00:00.000,22,46.34
57,African American,2021-04-18T00:00:00.000,2021-04-24T00:00:00.000,29,61.09
58,African American,2021-04-25T00:00:00.000,2021-05-01T00:00:00.000,12,25.28
59,African American,2021-05-02T00:00:00.000,2021-05-08T00:00:00.000,16,33.7
60,African American,2021-05-09T00:00:00.000,2021-05-15T00:00:00.000,13,27.38
61,African American,2021-05-16T00:00:00.000,2021-05-22T00:00:00.000,15,31.6
62,African American,2021-05-23T00:00:00.000,2021-05-29T00:00:00.000,,
63,African American,2021-05-30T00:00:00.000,2021-06-05T00:00:00.000,11,23.17
64,African American,2021-06-06T00:00:00.000,2021-06-12T00:00:00.000,,
65,African American,2021-06-13T00:00:00.000,2021-06-19T00:00:00.000,,
66,African American,2021-06-20T00:00:00.000,2021-06-26T00:00:00.000,12,25.28
67,African American,2021-06-27T00:00:00.000,2021-07-03T00:00:00.000,,
68,African American,2021-07-04T00:00:00.000,2021-07-10T00:00:00.000,28,58.98
69,African American,2021-07-11T00:00:00.000,2021-07-17T00:00:00.000,37,77.94
70,African American,2021-07-18T00:00:00.000,2021-07-24T00:00:00.000,55,115.86
71,African American,2021-07-25T00:00:00.000,2021-07-31T00:00:00.000,55,115.86
72,Asian,2020-01-26T00:00:00.000,2020-02-01T00:00:00.000,,
73,Asian,2020-02-23T00:00:00.000,2020-02-29T00:00:00.000,,
74,Asian,2020-03-01T00:00:00.000,2020-03-07T00:00:00.000,15,2.29
75,Asian,2020-03-08T00:00:00.000,2020-03-14T00:00:00.000,43,6.56
76,Asian,2020-03-15T00:00:00.000,2020-03-21T00:00:00.000,52,7.94
77,Asian,2020-03-22T00:00:00.000,2020-03-28T00:00:00.000,88,13.43
78,Asian,2020-03-29T00:00:00.000,2020-04-04T00:00:00.000,71,10.84
79,Asian,2020-04-05T00:00:00.000,2020-04-11T00:00:00.000,107,16.33
80,Asian,2020-04-12T00:00:00.000,2020-04-18T00:00:00.000,57,8.7
81,Asian,2020-04-19T00:00:00.000,2020-04-25T00:00:00.000,34,5.19
82,Asian,2020-04-26T00:00:00.000,2020-05-02T00:00:00.000,28,4.27
83,Asian,2020-05-03T00:00:00.000,2020-05-09T00:00:00.000,21,3.21
84,Asian,2020-05-10T00:00:00.000,2020-05-16T00:00:00.000,19,2.9
85,Asian,2020-05-17T00:00:00.000,2020-05-23T00:00:00.000,,
86,Asian,2020-05-24T00:00:00.000,2020-05-30T00:00:00.000,,
87,Asian,2020-05-31T00:00:00.000,2020-06-06T00:00:00.000,16,2.44
88,Asian,2020-06-07T00:00:00.000,2020-06-13T00:00:00.000,18,2.75
89,Asian,2020-06-14T00:00:00.000,2020-06-20T00:00:00.000,64,9.77
90,Asian,2020-06-21T00:00:00.000,2020-06-27T00:00:00.000,104,15.87
91,Asian,2020-06-28T00:00:00.000,2020-07-04T00:00:00.000,92,14.04
92,Asian,2020-07-05T00:00:00.000,2020-07-11T00:00:00.000,218,33.27
93,Asian,2020-07-12T00:00:00.000,2020-07-18T00:00:00.000,205,31.29
94,Asian,2020-07-19T00:00:00.000,2020-07-25T00:00:00.000,165,25.18
95,Asian,2020-07-26T00:00:00.000,2020-08-01T00:00:00.000,142,21.67
96,Asian,2020-08-02T00:00:00.000,2020-08-08T00:00:00.000,162,24.73
97,Asian,2020-08-09T00:00:00.000,2020-08-15T00:00:00.000,176,26.86
98,Asian,2020-08-16T00:00:00.000,2020-08-22T00:00:00.000,157,23.96
99,Asian,2020-08-23T00:00:00.000,2020-08-29T00:00:00.000,201,30.68
100,Asian,2020-08-30T00:00:00.000,2020-09-05T00:00:00.000,185,28.24
101,Asian,2020-09-06T00:00:00.000,2020-09-12T00:00:00.000,102,15.57
102,Asian,2020-09-13T00:00:00.000,2020-09-19T00:00:00.000,92,14.04
103,Asian,2020-09-20T00:00:00.000,2020-09-26T00:00:00.000,67,10.23
104,Asian,2020-09-27T00:00:00.000,2020-10-03T00:00:00.000,84,12.82
105,Asian,2020-10-04T00:00:00.000,2020-10-10T00:00:00.000,96,14.65
106,Asian,2020-10-11T00:00:00.000,2020-10-17T00:00:00.000,94,14.35
107,Asian,2020-10-18T00:00:00.000,2020-10-24T00:00:00.000,114,17.4
108,Asian,2020-10-25T00:00:00.000,2020-10-31T00:00:00.000,131,19.99
109,Asian,2020-11-01T00:00:00.000,2020-11-07T00:00:00.000,255,38.92
110,Asian,2020-11-08T00:00:00.000,2020-11-14T00:00:00.000,387,59.07
111,Asian,2020-11-15T00:00:00.000,2020-11-21T00:00:00.000,486,74.18
112,Asian,2020-11-22T00:00:00.000,2020-11-28T00:00:00.000,651,99.36
113,Asian,2020-11-29T00:00:00.000,2020-12-05T00:00:00.000,1384,211.23
114,Asian,2020-12-06T00:00:00.000,2020-12-12T00:00:00.000,1363,208.03
115,Asian,2020-12-13T00:00:00.000,2020-12-19T00:00:00.000,1534,234.13
116,Asian,2020-12-20T00:00:00.000,2020-12-26T00:00:00.000,1231,187.88
117,Asian,2020-12-27T00:00:00.000,2021-01-02T00:00:00.000,1471,224.51
118,Asian,2021-01-03T00:00:00.000,2021-01-09T00:00:00.000,1675,255.65
119,Asian,2021-01-10T00:00:00.000,2021-01-16T00:00:00.000,1381,210.77
120,Asian,2021-01-17T00:00:00.000,2021-01-23T00:00:00.000,969,147.89
121,Asian,2021-01-24T00:00:00.000,2021-01-30T00:00:00.000,687,104.85
122,Asian,2021-01-31T00:00:00.000,2021-02-06T00:00:00.000,590,90.05
123,Asian,2021-02-07T00:00:00.000,2021-02-13T00:00:00.000,430,65.63
124,Asian,2021-02-14T00:00:00.000,2021-02-20T00:00:00.000,378,57.69
125,Asian,2021-02-21T00:00:00.000,2021-02-27T00:00:00.000,287,43.8
126,Asian,2021-02-28T00:00:00.000,2021-03-06T00:00:00.000,248,37.85
127,Asian,2021-03-07T00:00:00.000,2021-03-13T00:00:00.000,209,31.9
128,Asian,2021-03-14T00:00:00.000,2021-03-20T00:00:00.000,196,29.91
129,Asian,2021-03-21T00:00:00.000,2021-03-27T00:00:00.000,186,28.39
130,Asian,2021-03-28T00:00:00.000,2021-04-03T00:00:00.000,190,29
131,Asian,2021-04-04T00:00:00.000,2021-04-10T00:00:00.000,239,36.48
132,Asian,2021-04-11T00:00:00.000,2021-04-17T00:00:00.000,200,30.52
133,Asian,2021-04-18T00:00:00.000,2021-04-24T00:00:00.000,186,28.39
134,Asian,2021-04-25T00:00:00.000,2021-05-01T00:00:00.000,136,20.76
135,Asian,2021-05-02T00:00:00.000,2021-05-08T00:00:00.000,116,17.7
136,Asian,2021-05-09T00:00:00.000,2021-05-15T00:00:00.000,67,10.23
137,Asian,2021-05-16T00:00:00.000,2021-05-22T00:00:00.000,47,7.17
138,Asian,2021-05-23T00:00:00.000,2021-05-29T00:00:00.000,29,4.43
139,Asian,2021-05-30T00:00:00.000,2021-06-05T00:00:00.000,34,5.19
140,Asian,2021-06-06T00:00:00.000,2021-06-12T00:00:00.000,21,3.21
141,Asian,2021-06-13T00:00:00.000,2021-06-19T00:00:00.000,20,3.05
142,Asian,2021-06-20T00:00:00.000,2021-06-26T00:00:00.000,21,3.21
143,Asian,2021-06-27T00:00:00.000,2021-07-03T00:00:00.000,65,9.92
144,Asian,2021-07-04T00:00:00.000,2021-07-10T00:00:00.000,134,20.45
145,Asian,2021-07-11T00:00:00.000,2021-07-17T00:00:00.000,192,29.3
146,Asian,2021-07-18T00:00:00.000,2021-07-24T00:00:00.000,234,35.71
147,Asian,2021-07-25T00:00:00.000,2021-07-31T00:00:00.000,219,33.42
148,Hispanic/Latino,2020-01-26T00:00:00.000,2020-02-01T00:00:00.000,,
149,Hispanic/Latino,2020-03-01T00:00:00.000,2020-03-07T00:00:00.000,,
150,Hispanic/Latino,2020-03-08T00:00:00.000,2020-03-14T00:00:00.000,47,8.59
151,Hispanic/Latino,2020-03-15T00:00:00.000,2020-03-21T00:00:00.000,127,23.22
152,Hispanic/Latino,2020-03-22T00:00:00.000,2020-03-28T00:00:00.000,161,29.44
153,Hispanic/Latino,2020-03-29T00:00:00.000,2020-04-04T00:00:00.000,139,25.42
154,Hispanic/Latino,2020-04-05T00:00:00.000,2020-04-11T00:00:00.000,134,24.5
155,Hispanic/Latino,2020-04-12T00:00:00.000,2020-04-18T00:00:00.000,110,20.11
156,Hispanic/Latino,2020-04-19T00:00:00.000,2020-04-25T00:00:00.000,86,15.72
157,Hispanic/Latino,2020-04-26T00:00:00.000,2020-05-02T00:00:00.000,63,11.52
158,Hispanic/Latino,2020-05-03T00:00:00.000,2020-05-09T00:00:00.000,63,11.52
159,Hispanic/Latino,2020-05-10T00:00:00.000,2020-05-16T00:00:00.000,68,12.43
160,Hispanic/Latino,2020-05-17T00:00:00.000,2020-05-23T00:00:00.000,129,23.59
161,Hispanic/Latino,2020-05-24T00:00:00.000,2020-05-30T00:00:00.000,111,20.3
162,Hispanic/Latino,2020-05-31T00:00:00.000,2020-06-06T00:00:00.000,135,24.68
163,Hispanic/Latino,2020-06-07T00:00:00.000,2020-06-13T00:00:00.000,196,35.84
164,Hispanic/Latino,2020-06-14T00:00:00.000,2020-06-20T00:00:00.000,280,51.2
165,Hispanic/Latino,2020-06-21T00:00:00.000,2020-06-27T00:00:00.000,475,86.85
166,Hispanic/Latino,2020-06-28T00:00:00.000,2020-07-04T00:00:00.000,524,95.81
167,Hispanic/Latino,2020-07-05T00:00:00.000,2020-07-11T00:00:00.000,975,178.27
168,Hispanic/Latino,2020-07-12T00:00:00.000,2020-07-18T00:00:00.000,1165,213.01
169,Hispanic/Latino,2020-07-19T00:00:00.000,2020-07-25T00:00:00.000,1008,184.3
170,Hispanic/Latino,2020-07-26T00:00:00.000,2020-08-01T00:00:00.000,992,181.38
171,Hispanic/Latino,2020-08-02T00:00:00.000,2020-08-08T00:00:00.000,1101,201.31
172,Hispanic/Latino,2020-08-09T00:00:00.000,2020-08-15T00:00:00.000,1078,197.1
173,Hispanic/Latino,2020-08-16T00:00:00.000,2020-08-22T00:00:00.000,740,135.3
174,Hispanic/Latino,2020-08-23T00:00:00.000,2020-08-29T00:00:00.000,753,137.68
175,Hispanic/Latino,2020-08-30T00:00:00.000,2020-09-05T00:00:00.000,629,115.01
176,Hispanic/Latino,2020-09-06T00:00:00.000,2020-09-12T00:00:00.000,546,99.83
177,Hispanic/Latino,2020-09-13T00:00:00.000,2020-09-19T00:00:00.000,559,102.21
178,Hispanic/Latino,2020-09-20T00:00:00.000,2020-09-26T00:00:00.000,465,85.02
179,Hispanic/Latino,2020-09-27T00:00:00.000,2020-10-03T00:00:00.000,444,81.18
180,Hispanic/Latino,2020-10-04T00:00:00.000,2020-10-10T00:00:00.000,458,83.74
181,Hispanic/Latino,2020-10-11T00:00:00.000,2020-10-17T00:00:00.000,487,89.04
182,Hispanic/Latino,2020-10-18T00:00:00.000,2020-10-24T00:00:00.000,520,95.08
183,Hispanic/Latino,2020-10-25T00:00:00.000,2020-10-31T00:00:00.000,542,99.1
184,Hispanic/Latino,2020-11-01T00:00:00.000,2020-11-07T00:00:00.000,835,152.67
185,Hispanic/Latino,2020-11-08T00:00:00.000,2020-11-14T00:00:00.000,1201,219.59
186,Hispanic/Latino,2020-11-15T00:00:00.000,2020-11-21T00:00:00.000,1553,283.95
187,Hispanic/Latino,2020-11-22T00:00:00.000,2020-11-28T00:00:00.000,1792,327.65
188,Hispanic/Latino,2020-11-29T00:00:00.000,2020-12-05T00:00:00.000,3582,654.94
189,Hispanic/Latino,2020-12-06T00:00:00.000,2020-12-12T00:00:00.000,3900,713.08
190,Hispanic/Latino,2020-12-13T00:00:00.000,2020-12-19T00:00:00.000,3981,727.89
191,Hispanic/Latino,2020-12-20T00:00:00.000,2020-12-26T00:00:00.000,3055,558.58
192,Hispanic/Latino,2020-12-27T00:00:00.000,2021-01-02T00:00:00.000,4015,734.11
193,Hispanic/Latino,2021-01-03T00:00:00.000,2021-01-09T00:00:00.000,5183,947.67
194,Hispanic/Latino,2021-01-10T00:00:00.000,2021-01-16T00:00:00.000,3831,700.47
195,Hispanic/Latino,2021-01-17T00:00:00.000,2021-01-23T00:00:00.000,2529,462.41
196,Hispanic/Latino,2021-01-24T00:00:00.000,2021-01-30T00:00:00.000,1679,306.99
197,Hispanic/Latino,2021-01-31T00:00:00.000,2021-02-06T00:00:00.000,1380,252.32
198,Hispanic/Latino,2021-02-07T00:00:00.000,2021-02-13T00:00:00.000,986,180.28
199,Hispanic/Latino,2021-02-14T00:00:00.000,2021-02-20T00:00:00.000,724,132.38
200,Hispanic/Latino,2021-02-21T00:00:00.000,2021-02-27T00:00:00.000,667,121.96
201,Hispanic/Latino,2021-02-28T00:00:00.000,2021-03-06T00:00:00.000,541,98.92
202,Hispanic/Latino,2021-03-07T00:00:00.000,2021-03-13T00:00:00.000,400,73.14
203,Hispanic/Latino,2021-03-14T00:00:00.000,2021-03-20T00:00:00.000,314,57.41
204,Hispanic/Latino,2021-03-21T00:00:00.000,2021-03-27T00:00:00.000,312,57.05
205,Hispanic/Latino,2021-03-28T00:00:00.000,2021-04-03T00:00:00.000,273,49.92
206,Hispanic/Latino,2021-04-04T00:00:00.000,2021-04-10T00:00:00.000,339,61.98
207,Hispanic/Latino,2021-04-11T00:00:00.000,2021-04-17T00:00:00.000,316,57.78
208,Hispanic/Latino,2021-04-18T00:00:00.000,2021-04-24T00:00:00.000,268,49
209,Hispanic/Latino,2021-04-25T00:00:00.000,2021-05-01T00:00:00.000,185,33.83
210,Hispanic/Latino,2021-05-02T00:00:00.000,2021-05-08T00:00:00.000,162,29.62
211,Hispanic/Latino,2021-05-09T00:00:00.000,2021-05-15T00:00:00.000,144,26.33
212,Hispanic/Latino,2021-05-16T00:00:00.000,2021-05-22T00:00:00.000,90,16.46
213,Hispanic/Latino,2021-05-23T00:00:00.000,2021-05-29T00:00:00.000,65,11.88
214,Hispanic/Latino,2021-05-30T00:00:00.000,2021-06-05T00:00:00.000,93,17
215,Hispanic/Latino,2021-06-06T00:00:00.000,2021-06-12T00:00:00.000,95,17.37
216,Hispanic/Latino,2021-06-13T00:00:00.000,2021-06-19T00:00:00.000,93,17
217,Hispanic/Latino,2021-06-20T00:00:00.000,2021-06-26T00:00:00.000,106,19.38
218,Hispanic/Latino,2021-06-27T00:00:00.000,2021-07-03T00:00:00.000,123,22.49
219,Hispanic/Latino,2021-07-04T00:00:00.000,2021-07-10T00:00:00.000,169,30.9
220,Hispanic/Latino,2021-07-11T00:00:00.000,2021-07-17T00:00:00.000,320,58.51
221,Hispanic/Latino,2021-07-18T00:00:00.000,2021-07-24T00:00:00.000,452,82.64
222,Hispanic/Latino,2021-07-25T00:00:00.000,2021-07-31T00:00:00.000,492,89.96
223,Native Hawaiian or Other Pacific Islander,2020-03-08T00:00:00.000,2020-03-14T00:00:00.000,,
224,Native Hawaiian or Other Pacific Islander,2020-03-15T00:00:00.000,2020-03-21T00:00:00.000,,
225,Native Hawaiian or Other Pacific Islander,2020-03-22T00:00:00.000,2020-03-28T00:00:00.000,,
226,Native Hawaiian or Other Pacific Islander,2020-03-29T00:00:00.000,2020-04-04T00:00:00.000,,
227,Native Hawaiian or Other Pacific Islander,2020-04-05T00:00:00.000,2020-04-11T00:00:00.000,,
228,Native Hawaiian or Other Pacific Islander,2020-04-12T00:00:00.000,2020-04-18T00:00:00.000,,
229,Native Hawaiian or Other Pacific Islander,2020-04-19T00:00:00.000,2020-04-25T00:00:00.000,,
230,Native Hawaiian or Other Pacific Islander,2020-05-10T00:00:00.000,2020-05-16T00:00:00.000,,
231,Native Hawaiian or Other Pacific Islander,2020-06-07T00:00:00.000,2020-06-13T00:00:00.000,,
232,Native Hawaiian or Other Pacific Islander,2020-06-14T00:00:00.000,2020-06-20T00:00:00.000,,
233,Native Hawaiian or Other Pacific Islander,2020-06-21T00:00:00.000,2020-06-27T00:00:00.000,,
234,Native Hawaiian or Other Pacific Islander,2020-06-28T00:00:00.000,2020-07-04T00:00:00.000,,
235,Native Hawaiian or Other Pacific Islander,2020-07-05T00:00:00.000,2020-07-11T00:00:00.000,13,184.16
236,Native Hawaiian or Other Pacific Islander,2020-07-12T00:00:00.000,2020-07-18T00:00:00.000,11,155.83
237,Native Hawaiian or Other Pacific Islander,2020-07-19T00:00:00.000,2020-07-25T00:00:00.000,15,212.49
238,Native Hawaiian or Other Pacific Islander,2020-07-26T00:00:00.000,2020-08-01T00:00:00.000,,
239,Native Hawaiian or Other Pacific Islander,2020-08-02T00:00:00.000,2020-08-08T00:00:00.000,,
240,Native Hawaiian or Other Pacific Islander,2020-08-09T00:00:00.000,2020-08-15T00:00:00.000,,
241,Native Hawaiian or Other Pacific Islander,2020-08-16T00:00:00.000,2020-08-22T00:00:00.000,,
242,Native Hawaiian or Other Pacific Islander,2020-08-23T00:00:00.000,2020-08-29T00:00:00.000,,
243,Native Hawaiian or Other Pacific Islander,2020-08-30T00:00:00.000,2020-09-05T00:00:00.000,,
244,Native Hawaiian or Other Pacific Islander,2020-09-06T00:00:00.000,2020-09-12T00:00:00.000,,
245,Native Hawaiian or Other Pacific Islander,2020-09-13T00:00:00.000,2020-09-19T00:00:00.000,,
246,Native Hawaiian or Other Pacific Islander,2020-09-27T00:00:00.000,2020-10-03T00:00:00.000,,
247,Native Hawaiian or Other Pacific Islander,2020-10-04T00:00:00.000,2020-10-10T00:00:00.000,,
248,Native Hawaiian or Other Pacific Islander,2020-10-11T00:00:00.000,2020-10-17T00:00:00.000,,
249,Native Hawaiian or Other Pacific Islander,2020-10-18T00:00:00.000,2020-10-24T00:00:00.000,,
250,Native Hawaiian or Other Pacific Islander,2020-10-25T00:00:00.000,2020-10-31T00:00:00.000,,
251,Native Hawaiian or Other Pacific Islander,2020-11-01T00:00:00.000,2020-11-07T00:00:00.000,,
252,Native Hawaiian or Other Pacific Islander,2020-11-08T00:00:00.000,2020-11-14T00:00:00.000,,
253,Native Hawaiian or Other Pacific Islander,2020-11-15T00:00:00.000,2020-11-21T00:00:00.000,,
254,Native Hawaiian or Other Pacific Islander,2020-11-22T00:00:00.000,2020-11-28T00:00:00.000,16,226.66
255,Native Hawaiian or Other Pacific Islander,2020-11-29T00:00:00.000,2020-12-05T00:00:00.000,35,495.82
256,Native Hawaiian or Other Pacific Islander,2020-12-06T00:00:00.000,2020-12-12T00:00:00.000,29,410.82
257,Native Hawaiian or Other Pacific Islander,2020-12-13T00:00:00.000,2020-12-19T00:00:00.000,36,509.99
258,Native Hawaiian or Other Pacific Islander,2020-12-20T00:00:00.000,2020-12-26T00:00:00.000,31,439.16
259,Native Hawaiian or Other Pacific Islander,2020-12-27T00:00:00.000,2021-01-02T00:00:00.000,31,439.16
260,Native Hawaiian or Other Pacific Islander,2021-01-03T00:00:00.000,2021-01-09T00:00:00.000,60,849.98
261,Native Hawaiian or Other Pacific Islander,2021-01-10T00:00:00.000,2021-01-16T00:00:00.000,39,552.49
262,Native Hawaiian or Other Pacific Islander,2021-01-17T00:00:00.000,2021-01-23T00:00:00.000,24,339.99
263,Native Hawaiian or Other Pacific Islander,2021-01-24T00:00:00.000,2021-01-30T00:00:00.000,17,240.83
264,Native Hawaiian or Other Pacific Islander,2021-01-31T00:00:00.000,2021-02-06T00:00:00.000,17,240.83
265,Native Hawaiian or Other Pacific Islander,2021-02-07T00:00:00.000,2021-02-13T00:00:00.000,13,184.16
266,Native Hawaiian or Other Pacific Islander,2021-02-14T00:00:00.000,2021-02-20T00:00:00.000,,
267,Native Hawaiian or Other Pacific Islander,2021-02-21T00:00:00.000,2021-02-27T00:00:00.000,,
268,Native Hawaiian or Other Pacific Islander,2021-02-28T00:00:00.000,2021-03-06T00:00:00.000,,
269,Native Hawaiian or Other Pacific Islander,2021-03-07T00:00:00.000,2021-03-13T00:00:00.000,,
270,Native Hawaiian or Other Pacific Islander,2021-03-14T00:00:00.000,2021-03-20T00:00:00.000,,
271,Native Hawaiian or Other Pacific Islander,2021-03-21T00:00:00.000,2021-03-27T00:00:00.000,,
272,Native Hawaiian or Other Pacific Islander,2021-03-28T00:00:00.000,2021-04-03T00:00:00.000,,
273,Native Hawaiian or Other Pacific Islander,2021-04-04T00:00:00.000,2021-04-10T00:00:00.000,,
274,Native Hawaiian or Other Pacific Islander,2021-04-11T00:00:00.000,2021-04-17T00:00:00.000,15,212.49
275,Native Hawaiian or Other Pacific Islander,2021-04-18T00:00:00.000,2021-04-24T00:00:00.000,,
276,Native Hawaiian or Other Pacific Islander,2021-04-25T00:00:00.000,2021-05-01T00:00:00.000,,
277,Native Hawaiian or Other Pacific Islander,2021-05-02T00:00:00.000,2021-05-08T00:00:00.000,,
278,Native Hawaiian or Other Pacific Islander,2021-05-09T00:00:00.000,2021-05-15T00:00:00.000,,
279,Native Hawaiian or Other Pacific Islander,2021-05-16T00:00:00.000,2021-05-22T00:00:00.000,,
280,Native Hawaiian or Other Pacific Islander,2021-05-23T00:00:00.000,2021-05-29T00:00:00.000,,
281,Native Hawaiian or Other Pacific Islander,2021-05-30T00:00:00.000,2021-06-05T00:00:00.000,,
282,Native Hawaiian or Other Pacific Islander,2021-06-13T00:00:00.000,2021-06-19T00:00:00.000,,
283,Native Hawaiian or Other Pacific Islander,2021-06-20T00:00:00.000,2021-06-26T00:00:00.000,,
284,Native Hawaiian or Other Pacific Islander,2021-06-27T00:00:00.000,2021-07-03T00:00:00.000,,
285,Native Hawaiian or Other Pacific Islander,2021-07-11T00:00:00.000,2021-07-17T00:00:00.000,,
286,Native Hawaiian or Other Pacific Islander,2021-07-18T00:00:00.000,2021-07-24T00:00:00.000,,
287,Native Hawaiian or Other Pacific Islander,2021-07-25T00:00:00.000,2021-07-31T00:00:00.000,,
288,White,2020-01-26T00:00:00.000,2020-02-01T00:00:00.000,,
289,White,2020-02-23T00:00:00.000,2020-02-29T00:00:00.000,,
290,White,2020-03-01T00:00:00.000,2020-03-07T00:00:00.000,,
291,White,2020-03-08T00:00:00.000,2020-03-14T00:00:00.000,40,5.97
292,White,2020-03-15T00:00:00.000,2020-03-21T00:00:00.000,62,9.25
293,White,2020-03-22T00:00:00.000,2020-03-28T00:00:00.000,106,15.81
294,White,2020-03-29T00:00:00.000,2020-04-04T00:00:00.000,63,9.4
295,White,2020-04-05T00:00:00.000,2020-04-11T00:00:00.000,86,12.83
296,White,2020-04-12T00:00:00.000,2020-04-18T00:00:00.000,26,3.88
297,White,2020-04-19T00:00:00.000,2020-04-25T00:00:00.000,27,4.03
298,White,2020-04-26T00:00:00.000,2020-05-02T00:00:00.000,17,2.54
299,White,2020-05-03T00:00:00.000,2020-05-09T00:00:00.000,12,1.79
300,White,2020-05-10T00:00:00.000,2020-05-16T00:00:00.000,,
301,White,2020-05-17T00:00:00.000,2020-05-23T00:00:00.000,15,2.24
302,White,2020-05-24T00:00:00.000,2020-05-30T00:00:00.000,11,1.64
303,White,2020-05-31T00:00:00.000,2020-06-06T00:00:00.000,24,3.58
304,White,2020-06-07T00:00:00.000,2020-06-13T00:00:00.000,30,4.47
305,White,2020-06-14T00:00:00.000,2020-06-20T00:00:00.000,62,9.25
306,White,2020-06-21T00:00:00.000,2020-06-27T00:00:00.000,112,16.71
307,White,2020-06-28T00:00:00.000,2020-07-04T00:00:00.000,114,17
308,White,2020-07-05T00:00:00.000,2020-07-11T00:00:00.000,200,29.83
309,White,2020-07-12T00:00:00.000,2020-07-18T00:00:00.000,214,31.92
310,White,2020-07-19T00:00:00.000,2020-07-25T00:00:00.000,164,24.46
311,White,2020-07-26T00:00:00.000,2020-08-01T00:00:00.000,135,20.14
312,White,2020-08-02T00:00:00.000,2020-08-08T00:00:00.000,133,19.84
313,White,2020-08-09T00:00:00.000,2020-08-15T00:00:00.000,140,20.88
314,White,2020-08-16T00:00:00.000,2020-08-22T00:00:00.000,106,15.81
315,White,2020-08-23T00:00:00.000,2020-08-29T00:00:00.000,136,20.29
316,White,2020-08-30T00:00:00.000,2020-09-05T00:00:00.000,125,18.65
317,White,2020-09-06T00:00:00.000,2020-09-12T00:00:00.000,85,12.68
318,White,2020-09-13T00:00:00.000,2020-09-19T00:00:00.000,107,15.96
319,White,2020-09-20T00:00:00.000,2020-09-26T00:00:00.000,101,15.07
320,White,2020-09-27T00:00:00.000,2020-10-03T00:00:00.000,86,12.83
321,White,2020-10-04T00:00:00.000,2020-10-10T00:00:00.000,94,14.02
322,White,2020-10-11T00:00:00.000,2020-10-17T00:00:00.000,109,16.26
323,White,2020-10-18T00:00:00.000,2020-10-24T00:00:00.000,132,19.69
324,White,2020-10-25T00:00:00.000,2020-10-31T00:00:00.000,150,22.37
325,White,2020-11-01T00:00:00.000,2020-11-07T00:00:00.000,239,35.65
326,White,2020-11-08T00:00:00.000,2020-11-14T00:00:00.000,306,45.64
327,White,2020-11-15T00:00:00.000,2020-11-21T00:00:00.000,460,68.62
328,White,2020-11-22T00:00:00.000,2020-11-28T00:00:00.000,531,79.21
329,White,2020-11-29T00:00:00.000,2020-12-05T00:00:00.000,892,133.06
330,White,2020-12-06T00:00:00.000,2020-12-12T00:00:00.000,969,144.54
331,White,2020-12-13T00:00:00.000,2020-12-19T00:00:00.000,1185,176.76
332,White,2020-12-20T00:00:00.000,2020-12-26T00:00:00.000,984,146.78
333,White,2020-12-27T00:00:00.000,2021-01-02T00:00:00.000,1178,175.72
334,White,2021-01-03T00:00:00.000,2021-01-09T00:00:00.000,1421,211.96
335,White,2021-01-10T00:00:00.000,2021-01-16T00:00:00.000,1087,162.14
336,White,2021-01-17T00:00:00.000,2021-01-23T00:00:00.000,682,101.73
337,White,2021-01-24T00:00:00.000,2021-01-30T00:00:00.000,508,75.78
338,White,2021-01-31T00:00:00.000,2021-02-06T00:00:00.000,441,65.78
339,White,2021-02-07T00:00:00.000,2021-02-13T00:00:00.000,337,50.27
340,White,2021-02-14T00:00:00.000,2021-02-20T00:00:00.000,226,33.71
341,White,2021-02-21T00:00:00.000,2021-02-27T00:00:00.000,212,31.62
342,White,2021-02-28T00:00:00.000,2021-03-06T00:00:00.000,170,25.36
343,White,2021-03-07T00:00:00.000,2021-03-13T00:00:00.000,126,18.79
344,White,2021-03-14T00:00:00.000,2021-03-20T00:00:00.000,141,21.03
345,White,2021-03-21T00:00:00.000,2021-03-27T00:00:00.000,136,20.29
346,White,2021-03-28T00:00:00.000,2021-04-03T00:00:00.000,133,19.84
347,White,2021-04-04T00:00:00.000,2021-04-10T00:00:00.000,229,34.16
348,White,2021-04-11T00:00:00.000,2021-04-17T00:00:00.000,149,22.23
349,White,2021-04-18T00:00:00.000,2021-04-24T00:00:00.000,124,18.5
350,White,2021-04-25T00:00:00.000,2021-05-01T00:00:00.000,87,12.98
351,White,2021-05-02T00:00:00.000,2021-05-08T00:00:00.000,54,8.05
352,White,2021-05-09T00:00:00.000,2021-05-15T00:00:00.000,53,7.91
353,White,2021-05-16T00:00:00.000,2021-05-22T00:00:00.000,42,6.26
354,White,2021-05-23T00:00:00.000,2021-05-29T00:00:00.000,32,4.77
355,White,2021-05-30T00:00:00.000,2021-06-05T00:00:00.000,38,5.67
356,White,2021-06-06T00:00:00.000,2021-06-12T00:00:00.000,34,5.07
357,White,2021-06-13T00:00:00.000,2021-06-19T00:00:00.000,43,6.41
358,White,2021-06-20T00:00:00.000,2021-06-26T00:00:00.000,37,5.52
359,White,2021-06-27T00:00:00.000,2021-07-03T00:00:00.000,58,8.65
360,White,2021-07-04T00:00:00.000,2021-07-10T00:00:00.000,147,21.93
361,White,2021-07-11T00:00:00.000,2021-07-17T00:00:00.000,230,34.31
362,White,2021-07-18T00:00:00.000,2021-07-24T00:00:00.000,370,55.19
363,White,2021-07-25T00:00:00.000,2021-07-31T00:00:00.000,324,48.33
