,date,county,fips,tier
0,2021-06-15,Alameda,1,4
1,2021-06-15,Alpine,3,4
2,2021-06-15,Amador,5,4
3,2021-06-15,Butte,7,3
4,2021-06-15,Calaveras,9,3
5,2021-06-15,Colusa,11,3
6,2021-06-15,Contra Costa,13,3
7,2021-06-15,Del Norte,15,3
8,2021-06-15,El Dorado,17,3
9,2021-06-15,Fresno,19,3
10,2021-06-15,Glenn,21,4
11,2021-06-15,Humboldt,23,3
12,2021-06-15,Imperial,25,3
13,2021-06-15,Inyo,27,4
14,2021-06-15,Kern,29,3
15,2021-06-15,Kings,31,3
16,2021-06-15,Lake,33,3
17,2021-06-15,Lassen,35,4
18,2021-06-15,Los Angeles,37,4
19,2021-06-15,Madera,39,3
20,2021-06-15,Marin,41,4
21,2021-06-15,Mariposa,43,4
22,2021-06-15,Mendocino,45,4
23,2021-06-15,Merced,47,3
24,2021-06-15,Modoc,49,3
25,2021-06-15,Mono,51,4
26,2021-06-15,Monterey,53,4
27,2021-06-15,Napa,55,4
28,2021-06-15,Nevada,57,3
29,2021-06-15,Orange,59,4
30,2021-06-15,Placer,61,3
31,2021-06-15,Plumas,63,3
32,2021-06-15,Riverside,65,4
33,2021-06-15,Sacramento,67,3
34,2021-06-15,San Benito,69,4
35,2021-06-15,San Bernardino,71,4
36,2021-06-15,San Diego,73,4
37,2021-06-15,San Francisco,75,4
38,2021-06-15,San Joaquin,77,3
39,2021-06-15,San Luis Obispo,79,4
40,2021-06-15,San Mateo,81,4
41,2021-06-15,Santa Barbara,83,4
42,2021-06-15,Santa Clara,85,4
43,2021-06-15,Santa Cruz,87,4
44,2021-06-15,Shasta,89,3
45,2021-06-15,Sierra,91,4
46,2021-06-15,Siskiyou,93,3
47,2021-06-15,Solano,95,3
48,2021-06-15,Sonoma,97,3
49,2021-06-15,Stanislaus,99,3
50,2021-06-15,Sutter,101,3
51,2021-06-15,Tehama,103,3
52,2021-06-15,Trinity,105,4
53,2021-06-15,Tulare,107,4
54,2021-06-15,Tuolumne,109,3
55,2021-06-15,Ventura,111,4
56,2021-06-15,Yolo,113,4
57,2021-06-15,Yuba,115,2
58,2021-06-14,Alameda,1,4
59,2021-06-14,Alpine,3,4
60,2021-06-14,Amador,5,4
61,2021-06-14,Butte,7,3
62,2021-06-14,Calaveras,9,3
63,2021-06-14,Colusa,11,3
64,2021-06-14,Contra Costa,13,3
65,2021-06-14,Del Norte,15,2
66,2021-06-14,El Dorado,17,3
67,2021-06-14,Fresno,19,3
68,2021-06-14,Glenn,21,3
69,2021-06-14,Humboldt,23,3
70,2021-06-14,Imperial,25,3
71,2021-06-14,Inyo,27,4
72,2021-06-14,Kern,29,3
73,2021-06-14,Kings,31,3
74,2021-06-14,Lake,33,3
75,2021-06-14,Lassen,35,4
76,2021-06-14,Los Angeles,37,4
77,2021-06-14,Madera,39,3
78,2021-06-14,Marin,41,4
79,2021-06-14,Mariposa,43,4
80,2021-06-14,Mendocino,45,4
81,2021-06-14,Merced,47,3
82,2021-06-14,Modoc,49,3
83,2021-06-14,Mono,51,4
84,2021-06-14,Monterey,53,4
85,2021-06-14,Napa,55,4
86,2021-06-14,Nevada,57,3
87,2021-06-14,Orange,59,4
88,2021-06-14,Placer,61,3
89,2021-06-14,Plumas,63,3
90,2021-06-14,Riverside,65,3
91,2021-06-14,Sacramento,67,3
92,2021-06-14,San Benito,69,4
93,2021-06-14,San Bernardino,71,3
94,2021-06-14,San Diego,73,4
95,2021-06-14,San Francisco,75,4
96,2021-06-14,San Joaquin,77,3
97,2021-06-14,San Luis Obispo,79,4
98,2021-06-14,San Mateo,81,4
99,2021-06-14,Santa Barbara,83,4
100,2021-06-14,Santa Clara,85,4
101,2021-06-14,Santa Cruz,87,4
102,2021-06-14,Shasta,89,2
103,2021-06-14,Sierra,91,4
104,2021-06-14,Siskiyou,93,3
105,2021-06-14,Solano,95,3
106,2021-06-14,Sonoma,97,3
107,2021-06-14,Stanislaus,99,3
108,2021-06-14,Sutter,101,3
109,2021-06-14,Tehama,103,3
110,2021-06-14,Trinity,105,4
111,2021-06-14,Tulare,107,3
112,2021-06-14,Tuolumne,109,3
113,2021-06-14,Ventura,111,4
114,2021-06-14,Yolo,113,3
115,2021-06-14,Yuba,115,2
116,2021-06-07,Alameda,1,3
117,2021-06-07,Alpine,3,4
118,2021-06-07,Amador,5,4
119,2021-06-07,Butte,7,3
120,2021-06-07,Calaveras,9,3
121,2021-06-07,Colusa,11,3
122,2021-06-07,Contra Costa,13,3
123,2021-06-07,Del Norte,15,2
124,2021-06-07,El Dorado,17,3
125,2021-06-07,Fresno,19,3
126,2021-06-07,Glenn,21,3
127,2021-06-07,Humboldt,23,3
128,2021-06-07,Imperial,25,3
129,2021-06-07,Inyo,27,4
130,2021-06-07,Kern,29,3
131,2021-06-07,Kings,31,3
132,2021-06-07,Lake,33,3
133,2021-06-07,Lassen,35,4
134,2021-06-07,Los Angeles,37,4
135,2021-06-07,Madera,39,3
136,2021-06-07,Marin,41,4
137,2021-06-07,Mariposa,43,4
138,2021-06-07,Mendocino,45,4
139,2021-06-07,Merced,47,3
140,2021-06-07,Modoc,49,3
141,2021-06-07,Mono,51,4
142,2021-06-07,Monterey,53,4
143,2021-06-07,Napa,55,3
144,2021-06-07,Nevada,57,3
145,2021-06-07,Orange,59,4
146,2021-06-07,Placer,61,3
147,2021-06-07,Plumas,63,3
148,2021-06-07,Riverside,65,3
149,2021-06-07,Sacramento,67,3
150,2021-06-07,San Benito,69,4
151,2021-06-07,San Bernardino,71,3
152,2021-06-07,San Diego,73,3
153,2021-06-07,San Francisco,75,4
154,2021-06-07,San Joaquin,77,3
155,2021-06-07,San Luis Obispo,79,3
156,2021-06-07,San Mateo,81,4
157,2021-06-07,Santa Barbara,83,3
158,2021-06-07,Santa Clara,85,4
159,2021-06-07,Santa Cruz,87,4
160,2021-06-07,Shasta,89,2
161,2021-06-07,Sierra,91,4
162,2021-06-07,Siskiyou,93,3
163,2021-06-07,Solano,95,3
164,2021-06-07,Sonoma,97,3
165,2021-06-07,Stanislaus,99,2
166,2021-06-07,Sutter,101,3
167,2021-06-07,Tehama,103,3
168,2021-06-07,Trinity,105,4
169,2021-06-07,Tulare,107,3
170,2021-06-07,Tuolumne,109,3
171,2021-06-07,Ventura,111,4
172,2021-06-07,Yolo,113,3
173,2021-06-07,Yuba,115,2
174,2021-05-31,Alameda,1,3
175,2021-05-31,Alpine,3,4
176,2021-05-31,Amador,5,4
177,2021-05-31,Butte,7,3
178,2021-05-31,Calaveras,9,3
179,2021-05-31,Colusa,11,3
180,2021-05-31,Contra Costa,13,3
181,2021-05-31,Del Norte,15,2
182,2021-05-31,El Dorado,17,3
183,2021-05-31,Fresno,19,3
184,2021-05-31,Glenn,21,3
185,2021-05-31,Humboldt,23,3
186,2021-05-31,Imperial,25,3
187,2021-05-31,Inyo,27,4
188,2021-05-31,Kern,29,3
189,2021-05-31,Kings,31,3
190,2021-05-31,Lake,33,3
191,2021-05-31,Lassen,35,4
192,2021-05-31,Los Angeles,37,4
193,2021-05-31,Madera,39,3
194,2021-05-31,Marin,41,3
195,2021-05-31,Mariposa,43,4
196,2021-05-31,Mendocino,45,4
197,2021-05-31,Merced,47,3
198,2021-05-31,Modoc,49,3
199,2021-05-31,Mono,51,4
200,2021-05-31,Monterey,53,3
201,2021-05-31,Napa,55,3
202,2021-05-31,Nevada,57,2
203,2021-05-31,Orange,59,4
204,2021-05-31,Placer,61,3
205,2021-05-31,Plumas,63,3
206,2021-05-31,Riverside,65,3
207,2021-05-31,Sacramento,67,2
208,2021-05-31,San Benito,69,3
209,2021-05-31,San Bernardino,71,3
210,2021-05-31,San Diego,73,3
211,2021-05-31,San Francisco,75,4
212,2021-05-31,San Joaquin,77,2
213,2021-05-31,San Luis Obispo,79,3
214,2021-05-31,San Mateo,81,4
215,2021-05-31,Santa Barbara,83,3
216,2021-05-31,Santa Clara,85,4
217,2021-05-31,Santa Cruz,87,4
218,2021-05-31,Shasta,89,2
219,2021-05-31,Sierra,91,4
220,2021-05-31,Siskiyou,93,3
221,2021-05-31,Solano,95,2
222,2021-05-31,Sonoma,97,3
223,2021-05-31,Stanislaus,99,2
224,2021-05-31,Sutter,101,3
225,2021-05-31,Tehama,103,3
226,2021-05-31,Trinity,105,4
227,2021-05-31,Tulare,107,3
228,2021-05-31,Tuolumne,109,3
229,2021-05-31,Ventura,111,3
230,2021-05-31,Yolo,113,3
231,2021-05-31,Yuba,115,2
232,2021-05-24,Alameda,1,3
233,2021-05-24,Alpine,3,4
234,2021-05-24,Amador,5,4
235,2021-05-24,Butte,7,3
236,2021-05-24,Calaveras,9,3
237,2021-05-24,Colusa,11,3
238,2021-05-24,Contra Costa,13,3
239,2021-05-24,Del Norte,15,2
240,2021-05-24,El Dorado,17,3
241,2021-05-24,Fresno,19,3
242,2021-05-24,Glenn,21,3
243,2021-05-24,Humboldt,23,3
244,2021-05-24,Imperial,25,3
245,2021-05-24,Inyo,27,3
246,2021-05-24,Kern,29,3
247,2021-05-24,Kings,31,3
248,2021-05-24,Lake,33,3
249,2021-05-24,Lassen,35,4
250,2021-05-24,Los Angeles,37,4
251,2021-05-24,Madera,39,3
252,2021-05-24,Marin,41,3
253,2021-05-24,Mariposa,43,3
254,2021-05-24,Mendocino,45,4
255,2021-05-24,Merced,47,2
256,2021-05-24,Modoc,49,3
257,2021-05-24,Mono,51,4
258,2021-05-24,Monterey,53,3
259,2021-05-24,Napa,55,3
260,2021-05-24,Nevada,57,2
261,2021-05-24,Orange,59,4
262,2021-05-24,Placer,61,2
263,2021-05-24,Plumas,63,3
264,2021-05-24,Riverside,65,3
265,2021-05-24,Sacramento,67,2
266,2021-05-24,San Benito,69,3
267,2021-05-24,San Bernardino,71,3
268,2021-05-24,San Diego,73,3
269,2021-05-24,San Francisco,75,4
270,2021-05-24,San Joaquin,77,2
271,2021-05-24,San Luis Obispo,79,3
272,2021-05-24,San Mateo,81,4
273,2021-05-24,Santa Barbara,83,3
274,2021-05-24,Santa Clara,85,4
275,2021-05-24,Santa Cruz,87,4
276,2021-05-24,Shasta,89,2
277,2021-05-24,Sierra,91,4
278,2021-05-24,Siskiyou,93,3
279,2021-05-24,Solano,95,2
280,2021-05-24,Sonoma,97,3
281,2021-05-24,Stanislaus,99,2
282,2021-05-24,Sutter,101,3
283,2021-05-24,Tehama,103,3
284,2021-05-24,Trinity,105,4
285,2021-05-24,Tulare,107,3
286,2021-05-24,Tuolumne,109,3
287,2021-05-24,Ventura,111,3
288,2021-05-24,Yolo,113,3
289,2021-05-24,Yuba,115,2
290,2021-05-17,Alameda,1,3
291,2021-05-17,Alpine,3,4
292,2021-05-17,Amador,5,3
293,2021-05-17,Butte,7,3
294,2021-05-17,Calaveras,9,3
295,2021-05-17,Colusa,11,3
296,2021-05-17,Contra Costa,13,3
297,2021-05-17,Del Norte,15,2
298,2021-05-17,El Dorado,17,3
299,2021-05-17,Fresno,19,3
300,2021-05-17,Glenn,21,3
301,2021-05-17,Humboldt,23,3
302,2021-05-17,Imperial,25,3
303,2021-05-17,Inyo,27,3
304,2021-05-17,Kern,29,3
305,2021-05-17,Kings,31,3
306,2021-05-17,Lake,33,3
307,2021-05-17,Lassen,35,4
308,2021-05-17,Los Angeles,37,4
309,2021-05-17,Madera,39,3
310,2021-05-17,Marin,41,3
311,2021-05-17,Mariposa,43,3
312,2021-05-17,Mendocino,45,4
313,2021-05-17,Merced,47,2
314,2021-05-17,Modoc,49,3
315,2021-05-17,Mono,51,4
316,2021-05-17,Monterey,53,3
317,2021-05-17,Napa,55,3
318,2021-05-17,Nevada,57,2
319,2021-05-17,Orange,59,3
320,2021-05-17,Placer,61,2
321,2021-05-17,Plumas,63,3
322,2021-05-17,Riverside,65,3
323,2021-05-17,Sacramento,67,2
324,2021-05-17,San Benito,69,3
325,2021-05-17,San Bernardino,71,3
326,2021-05-17,San Diego,73,3
327,2021-05-17,San Francisco,75,4
328,2021-05-17,San Joaquin,77,2
329,2021-05-17,San Luis Obispo,79,3
330,2021-05-17,San Mateo,81,4
331,2021-05-17,Santa Barbara,83,3
332,2021-05-17,Santa Clara,85,3
333,2021-05-17,Santa Cruz,87,3
334,2021-05-17,Shasta,89,2
335,2021-05-17,Sierra,91,4
336,2021-05-17,Siskiyou,93,3
337,2021-05-17,Solano,95,2
338,2021-05-17,Sonoma,97,3
339,2021-05-17,Stanislaus,99,2
340,2021-05-17,Sutter,101,3
341,2021-05-17,Tehama,103,2
342,2021-05-17,Trinity,105,4
343,2021-05-17,Tulare,107,3
344,2021-05-17,Tuolumne,109,3
345,2021-05-17,Ventura,111,3
346,2021-05-17,Yolo,113,3
347,2021-05-17,Yuba,115,2
348,2021-05-10,Alameda,1,3
349,2021-05-10,Alpine,3,4
350,2021-05-10,Amador,5,3
351,2021-05-10,Butte,7,3
352,2021-05-10,Calaveras,9,3
353,2021-05-10,Colusa,11,3
354,2021-05-10,Contra Costa,13,3
355,2021-05-10,Del Norte,15,2
356,2021-05-10,El Dorado,17,3
357,2021-05-10,Fresno,19,3
358,2021-05-10,Glenn,21,3
359,2021-05-10,Humboldt,23,3
360,2021-05-10,Imperial,25,3
361,2021-05-10,Inyo,27,3
362,2021-05-10,Kern,29,3
363,2021-05-10,Kings,31,3
364,2021-05-10,Lake,33,3
365,2021-05-10,Lassen,35,4
366,2021-05-10,Los Angeles,37,4
367,2021-05-10,Madera,39,2
368,2021-05-10,Marin,41,3
369,2021-05-10,Mariposa,43,3
370,2021-05-10,Mendocino,45,4
371,2021-05-10,Merced,47,2
372,2021-05-10,Modoc,49,3
373,2021-05-10,Mono,51,3
374,2021-05-10,Monterey,53,3
375,2021-05-10,Napa,55,3
376,2021-05-10,Nevada,57,2
377,2021-05-10,Orange,59,3
378,2021-05-10,Placer,61,2
379,2021-05-10,Plumas,63,3
380,2021-05-10,Riverside,65,3
381,2021-05-10,Sacramento,67,2
382,2021-05-10,San Benito,69,3
383,2021-05-10,San Bernardino,71,3
384,2021-05-10,San Diego,73,3
385,2021-05-10,San Francisco,75,4
386,2021-05-10,San Joaquin,77,2
387,2021-05-10,San Luis Obispo,79,3
388,2021-05-10,San Mateo,81,3
389,2021-05-10,Santa Barbara,83,3
390,2021-05-10,Santa Clara,85,3
391,2021-05-10,Santa Cruz,87,3
392,2021-05-10,Shasta,89,2
393,2021-05-10,Sierra,91,4
394,2021-05-10,Siskiyou,93,3
395,2021-05-10,Solano,95,2
396,2021-05-10,Sonoma,97,3
397,2021-05-10,Stanislaus,99,2
398,2021-05-10,Sutter,101,3
399,2021-05-10,Tehama,103,2
400,2021-05-10,Trinity,105,4
401,2021-05-10,Tulare,107,3
402,2021-05-10,Tuolumne,109,3
403,2021-05-10,Ventura,111,3
404,2021-05-10,Yolo,113,3
405,2021-05-10,Yuba,115,2
406,2021-05-03,Alameda,1,3
407,2021-05-03,Alpine,3,4
408,2021-05-03,Amador,5,3
409,2021-05-03,Butte,7,3
410,2021-05-03,Calaveras,9,3
411,2021-05-03,Colusa,11,3
412,2021-05-03,Contra Costa,13,3
413,2021-05-03,Del Norte,15,2
414,2021-05-03,El Dorado,17,3
415,2021-05-03,Fresno,19,3
416,2021-05-03,Glenn,21,3
417,2021-05-03,Humboldt,23,3
418,2021-05-03,Imperial,25,3
419,2021-05-03,Inyo,27,2
420,2021-05-03,Kern,29,3
421,2021-05-03,Kings,31,3
422,2021-05-03,Lake,33,3
423,2021-05-03,Lassen,35,4
424,2021-05-03,Los Angeles,37,3
425,2021-05-03,Madera,39,2
426,2021-05-03,Marin,41,3
427,2021-05-03,Mariposa,43,3
428,2021-05-03,Mendocino,45,4
429,2021-05-03,Merced,47,2
430,2021-05-03,Modoc,49,3
431,2021-05-03,Mono,51,3
432,2021-05-03,Monterey,53,3
433,2021-05-03,Napa,55,3
434,2021-05-03,Nevada,57,2
435,2021-05-03,Orange,59,3
436,2021-05-03,Placer,61,2
437,2021-05-03,Plumas,63,3
438,2021-05-03,Riverside,65,3
439,2021-05-03,Sacramento,67,2
440,2021-05-03,San Benito,69,3
441,2021-05-03,San Bernardino,71,3
442,2021-05-03,San Diego,73,3
443,2021-05-03,San Francisco,75,3
444,2021-05-03,San Joaquin,77,2
445,2021-05-03,San Luis Obispo,79,3
446,2021-05-03,San Mateo,81,3
447,2021-05-03,Santa Barbara,83,3
448,2021-05-03,Santa Clara,85,3
449,2021-05-03,Santa Cruz,87,3
450,2021-05-03,Shasta,89,2
451,2021-05-03,Sierra,91,4
452,2021-05-03,Siskiyou,93,3
453,2021-05-03,Solano,95,2
454,2021-05-03,Sonoma,97,3
455,2021-05-03,Stanislaus,99,2
456,2021-05-03,Sutter,101,3
457,2021-05-03,Tehama,103,2
458,2021-05-03,Trinity,105,3
459,2021-05-03,Tulare,107,3
460,2021-05-03,Tuolumne,109,3
461,2021-05-03,Ventura,111,3
462,2021-05-03,Yolo,113,3
463,2021-05-03,Yuba,115,2
464,2021-04-26,Alameda,1,3
465,2021-04-26,Alpine,3,4
466,2021-04-26,Amador,5,2
467,2021-04-26,Butte,7,3
468,2021-04-26,Calaveras,9,3
469,2021-04-26,Colusa,11,3
470,2021-04-26,Contra Costa,13,3
471,2021-04-26,Del Norte,15,2
472,2021-04-26,El Dorado,17,3
473,2021-04-26,Fresno,19,3
474,2021-04-26,Glenn,21,2
475,2021-04-26,Humboldt,23,3
476,2021-04-26,Imperial,25,3
477,2021-04-26,Inyo,27,2
478,2021-04-26,Kern,29,3
479,2021-04-26,Kings,31,3
480,2021-04-26,Lake,33,3
481,2021-04-26,Lassen,35,4
482,2021-04-26,Los Angeles,37,3
483,2021-04-26,Madera,39,2
484,2021-04-26,Marin,41,3
485,2021-04-26,Mariposa,43,3
486,2021-04-26,Mendocino,45,3
487,2021-04-26,Merced,47,2
488,2021-04-26,Modoc,49,3
489,2021-04-26,Mono,51,3
490,2021-04-26,Monterey,53,3
491,2021-04-26,Napa,55,3
492,2021-04-26,Nevada,57,2
493,2021-04-26,Orange,59,3
494,2021-04-26,Placer,61,2
495,2021-04-26,Plumas,63,3
496,2021-04-26,Riverside,65,3
497,2021-04-26,Sacramento,67,2
498,2021-04-26,San Benito,69,3
499,2021-04-26,San Bernardino,71,3
500,2021-04-26,San Diego,73,3
501,2021-04-26,San Francisco,75,3
502,2021-04-26,San Joaquin,77,2
503,2021-04-26,San Luis Obispo,79,2
504,2021-04-26,San Mateo,81,3
505,2021-04-26,Santa Barbara,83,3
506,2021-04-26,Santa Clara,85,3
507,2021-04-26,Santa Cruz,87,3
508,2021-04-26,Shasta,89,2
509,2021-04-26,Sierra,91,4
510,2021-04-26,Siskiyou,93,3
511,2021-04-26,Solano,95,2
512,2021-04-26,Sonoma,97,3
513,2021-04-26,Stanislaus,99,2
514,2021-04-26,Sutter,101,2
515,2021-04-26,Tehama,103,2
516,2021-04-26,Trinity,105,3
517,2021-04-26,Tulare,107,3
518,2021-04-26,Tuolumne,109,3
519,2021-04-26,Ventura,111,3
520,2021-04-26,Yolo,113,3
521,2021-04-26,Yuba,115,2
522,2021-04-19,Alameda,1,3
523,2021-04-19,Alpine,3,4
524,2021-04-19,Amador,5,2
525,2021-04-19,Butte,7,3
526,2021-04-19,Calaveras,9,2
527,2021-04-19,Colusa,11,3
528,2021-04-19,Contra Costa,13,3
529,2021-04-19,Del Norte,15,2
530,2021-04-19,El Dorado,17,3
531,2021-04-19,Fresno,19,2
532,2021-04-19,Glenn,21,2
533,2021-04-19,Humboldt,23,3
534,2021-04-19,Imperial,25,3
535,2021-04-19,Inyo,27,2
536,2021-04-19,Kern,29,3
537,2021-04-19,Kings,31,2
538,2021-04-19,Lake,33,3
539,2021-04-19,Lassen,35,4
540,2021-04-19,Los Angeles,37,3
541,2021-04-19,Madera,39,2
542,2021-04-19,Marin,41,3
543,2021-04-19,Mariposa,43,3
544,2021-04-19,Mendocino,45,3
545,2021-04-19,Merced,47,2
546,2021-04-19,Modoc,49,3
547,2021-04-19,Mono,51,2
548,2021-04-19,Monterey,53,3
549,2021-04-19,Napa,55,3
550,2021-04-19,Nevada,57,2
551,2021-04-19,Orange,59,3
552,2021-04-19,Placer,61,2
553,2021-04-19,Plumas,63,3
554,2021-04-19,Riverside,65,3
555,2021-04-19,Sacramento,67,2
556,2021-04-19,San Benito,69,3
557,2021-04-19,San Bernardino,71,3
558,2021-04-19,San Diego,73,3
559,2021-04-19,San Francisco,75,3
560,2021-04-19,San Joaquin,77,2
561,2021-04-19,San Luis Obispo,79,2
562,2021-04-19,San Mateo,81,3
563,2021-04-19,Santa Barbara,83,2
564,2021-04-19,Santa Clara,85,3
565,2021-04-19,Santa Cruz,87,3
566,2021-04-19,Shasta,89,2
567,2021-04-19,Sierra,91,4
568,2021-04-19,Siskiyou,93,3
569,2021-04-19,Solano,95,2
570,2021-04-19,Sonoma,97,3
571,2021-04-19,Stanislaus,99,2
572,2021-04-19,Sutter,101,2
573,2021-04-19,Tehama,103,2
574,2021-04-19,Trinity,105,3
575,2021-04-19,Tulare,107,3
576,2021-04-19,Tuolumne,109,3
577,2021-04-19,Ventura,111,3
578,2021-04-19,Yolo,113,3
579,2021-04-19,Yuba,115,2
580,2021-04-12,Alameda,1,3
581,2021-04-12,Alpine,3,4
582,2021-04-12,Amador,5,2
583,2021-04-12,Butte,7,3
584,2021-04-12,Calaveras,9,2
585,2021-04-12,Colusa,11,3
586,2021-04-12,Contra Costa,13,3
587,2021-04-12,Del Norte,15,2
588,2021-04-12,El Dorado,17,3
589,2021-04-12,Fresno,19,2
590,2021-04-12,Glenn,21,2
591,2021-04-12,Humboldt,23,3
592,2021-04-12,Imperial,25,3
593,2021-04-12,Inyo,27,1
594,2021-04-12,Kern,29,2
595,2021-04-12,Kings,31,2
596,2021-04-12,Lake,33,2
597,2021-04-12,Lassen,35,3
598,2021-04-12,Los Angeles,37,3
599,2021-04-12,Madera,39,2
600,2021-04-12,Marin,41,3
601,2021-04-12,Mariposa,43,3
602,2021-04-12,Mendocino,45,3
603,2021-04-12,Merced,47,1
604,2021-04-12,Modoc,49,3
605,2021-04-12,Mono,51,2
606,2021-04-12,Monterey,53,3
607,2021-04-12,Napa,55,3
608,2021-04-12,Nevada,57,2
609,2021-04-12,Orange,59,3
610,2021-04-12,Placer,61,2
611,2021-04-12,Plumas,63,3
612,2021-04-12,Riverside,65,3
613,2021-04-12,Sacramento,67,2
614,2021-04-12,San Benito,69,3
615,2021-04-12,San Bernardino,71,3
616,2021-04-12,San Diego,73,3
617,2021-04-12,San Francisco,75,3
618,2021-04-12,San Joaquin,77,2
619,2021-04-12,San Luis Obispo,79,2
620,2021-04-12,San Mateo,81,3
621,2021-04-12,Santa Barbara,83,2
622,2021-04-12,Santa Clara,85,3
623,2021-04-12,Santa Cruz,87,3
624,2021-04-12,Shasta,89,2
625,2021-04-12,Sierra,91,4
626,2021-04-12,Siskiyou,93,3
627,2021-04-12,Solano,95,2
628,2021-04-12,Sonoma,97,3
629,2021-04-12,Stanislaus,99,2
630,2021-04-12,Sutter,101,2
631,2021-04-12,Tehama,103,2
632,2021-04-12,Trinity,105,3
633,2021-04-12,Tulare,107,3
634,2021-04-12,Tuolumne,109,3
635,2021-04-12,Ventura,111,3
636,2021-04-12,Yolo,113,3
637,2021-04-12,Yuba,115,2
638,2021-04-05,Alameda,1,3
639,2021-04-05,Alpine,3,4
640,2021-04-05,Amador,5,2
641,2021-04-05,Butte,7,3
642,2021-04-05,Calaveras,9,2
643,2021-04-05,Colusa,11,3
644,2021-04-05,Contra Costa,13,2
645,2021-04-05,Del Norte,15,2
646,2021-04-05,El Dorado,17,2
647,2021-04-05,Fresno,19,2
648,2021-04-05,Glenn,21,2
649,2021-04-05,Humboldt,23,2
650,2021-04-05,Imperial,25,2
651,2021-04-05,Inyo,27,1
652,2021-04-05,Kern,29,2
653,2021-04-05,Kings,31,2
654,2021-04-05,Lake,33,2
655,2021-04-05,Lassen,35,3
656,2021-04-05,Los Angeles,37,3
657,2021-04-05,Madera,39,2
658,2021-04-05,Marin,41,3
659,2021-04-05,Mariposa,43,3
660,2021-04-05,Mendocino,45,2
661,2021-04-05,Merced,47,1
662,2021-04-05,Modoc,49,3
663,2021-04-05,Mono,51,2
664,2021-04-05,Monterey,53,2
665,2021-04-05,Napa,55,2
666,2021-04-05,Nevada,57,2
667,2021-04-05,Orange,59,3
668,2021-04-05,Placer,61,2
669,2021-04-05,Plumas,63,3
670,2021-04-05,Riverside,65,2
671,2021-04-05,Sacramento,67,2
672,2021-04-05,San Benito,69,2
673,2021-04-05,San Bernardino,71,2
674,2021-04-05,San Diego,73,2
675,2021-04-05,San Francisco,75,3
676,2021-04-05,San Joaquin,77,1
677,2021-04-05,San Luis Obispo,79,2
678,2021-04-05,San Mateo,81,3
679,2021-04-05,Santa Barbara,83,2
680,2021-04-05,Santa Clara,85,3
681,2021-04-05,Santa Cruz,87,3
682,2021-04-05,Shasta,89,2
683,2021-04-05,Sierra,91,4
684,2021-04-05,Siskiyou,93,2
685,2021-04-05,Solano,95,2
686,2021-04-05,Sonoma,97,2
687,2021-04-05,Stanislaus,99,2
688,2021-04-05,Sutter,101,2
689,2021-04-05,Tehama,103,2
690,2021-04-05,Trinity,105,3
691,2021-04-05,Tulare,107,2
692,2021-04-05,Tuolumne,109,3
693,2021-04-05,Ventura,111,2
694,2021-04-05,Yolo,113,3
695,2021-04-05,Yuba,115,2
696,2021-03-29,Alameda,1,2
697,2021-03-29,Alpine,3,4
698,2021-03-29,Amador,5,2
699,2021-03-29,Butte,7,2
700,2021-03-29,Calaveras,9,2
701,2021-03-29,Colusa,11,2
702,2021-03-29,Contra Costa,13,2
703,2021-03-29,Del Norte,15,2
704,2021-03-29,El Dorado,17,2
705,2021-03-29,Fresno,19,1
706,2021-03-29,Glenn,21,1
707,2021-03-29,Humboldt,23,2
708,2021-03-29,Imperial,25,2
709,2021-03-29,Inyo,27,1
710,2021-03-29,Kern,29,2
711,2021-03-29,Kings,31,1
712,2021-03-29,Lake,33,2
713,2021-03-29,Lassen,35,3
714,2021-03-29,Los Angeles,37,2
715,2021-03-29,Madera,39,1
716,2021-03-29,Marin,41,3
717,2021-03-29,Mariposa,43,3
718,2021-03-29,Mendocino,45,2
719,2021-03-29,Merced,47,1
720,2021-03-29,Modoc,49,2
721,2021-03-29,Mono,51,2
722,2021-03-29,Monterey,53,2
723,2021-03-29,Napa,55,2
724,2021-03-29,Nevada,57,2
725,2021-03-29,Orange,59,2
726,2021-03-29,Placer,61,2
727,2021-03-29,Plumas,63,3
728,2021-03-29,Riverside,65,2
729,2021-03-29,Sacramento,67,2
730,2021-03-29,San Benito,69,2
731,2021-03-29,San Bernardino,71,2
732,2021-03-29,San Diego,73,2
733,2021-03-29,San Francisco,75,3
734,2021-03-29,San Joaquin,77,1
735,2021-03-29,San Luis Obispo,79,2
736,2021-03-29,San Mateo,81,3
737,2021-03-29,Santa Barbara,83,2
738,2021-03-29,Santa Clara,85,3
739,2021-03-29,Santa Cruz,87,2
740,2021-03-29,Shasta,89,2
741,2021-03-29,Sierra,91,4
742,2021-03-29,Siskiyou,93,2
743,2021-03-29,Solano,95,2
744,2021-03-29,Sonoma,97,2
745,2021-03-29,Stanislaus,99,2
746,2021-03-29,Sutter,101,2
747,2021-03-29,Tehama,103,2
748,2021-03-29,Trinity,105,3
749,2021-03-29,Tulare,107,2
750,2021-03-29,Tuolumne,109,2
751,2021-03-29,Ventura,111,2
752,2021-03-29,Yolo,113,3
753,2021-03-29,Yuba,115,1
754,2021-03-22,Alameda,1,2
755,2021-03-22,Alpine,3,4
756,2021-03-22,Amador,5,2
757,2021-03-22,Butte,7,2
758,2021-03-22,Calaveras,9,2
759,2021-03-22,Colusa,11,2
760,2021-03-22,Contra Costa,13,2
761,2021-03-22,Del Norte,15,2
762,2021-03-22,El Dorado,17,2
763,2021-03-22,Fresno,19,1
764,2021-03-22,Glenn,21,1
765,2021-03-22,Humboldt,23,2
766,2021-03-22,Imperial,25,2
767,2021-03-22,Inyo,27,1
768,2021-03-22,Kern,29,1
769,2021-03-22,Kings,31,1
770,2021-03-22,Lake,33,2
771,2021-03-22,Lassen,35,2
772,2021-03-22,Los Angeles,37,2
773,2021-03-22,Madera,39,1
774,2021-03-22,Marin,41,2
775,2021-03-22,Mariposa,43,3
776,2021-03-22,Mendocino,45,2
777,2021-03-22,Merced,47,1
778,2021-03-22,Modoc,49,2
779,2021-03-22,Mono,51,2
780,2021-03-22,Monterey,53,2
781,2021-03-22,Napa,55,2
782,2021-03-22,Nevada,57,1
783,2021-03-22,Orange,59,2
784,2021-03-22,Placer,61,2
785,2021-03-22,Plumas,63,3
786,2021-03-22,Riverside,65,2
787,2021-03-22,Sacramento,67,2
788,2021-03-22,San Benito,69,2
789,2021-03-22,San Bernardino,71,2
790,2021-03-22,San Diego,73,2
791,2021-03-22,San Francisco,75,2
792,2021-03-22,San Joaquin,77,1
793,2021-03-22,San Luis Obispo,79,2
794,2021-03-22,San Mateo,81,3
795,2021-03-22,Santa Barbara,83,2
796,2021-03-22,Santa Clara,85,2
797,2021-03-22,Santa Cruz,87,2
798,2021-03-22,Shasta,89,2
799,2021-03-22,Sierra,91,3
800,2021-03-22,Siskiyou,93,2
801,2021-03-22,Solano,95,2
802,2021-03-22,Sonoma,97,2
803,2021-03-22,Stanislaus,99,1
804,2021-03-22,Sutter,101,2
805,2021-03-22,Tehama,103,2
806,2021-03-22,Trinity,105,2
807,2021-03-22,Tulare,107,2
808,2021-03-22,Tuolumne,109,2
809,2021-03-22,Ventura,111,2
810,2021-03-22,Yolo,113,2
811,2021-03-22,Yuba,115,1
812,2021-03-15,Alameda,1,2
813,2021-03-15,Alpine,3,4
814,2021-03-15,Amador,5,2
815,2021-03-15,Butte,7,2
816,2021-03-15,Calaveras,9,2
817,2021-03-15,Colusa,11,2
818,2021-03-15,Contra Costa,13,2
819,2021-03-15,Del Norte,15,2
820,2021-03-15,El Dorado,17,2
821,2021-03-15,Fresno,19,1
822,2021-03-15,Glenn,21,1
823,2021-03-15,Humboldt,23,2
824,2021-03-15,Imperial,25,2
825,2021-03-15,Inyo,27,1
826,2021-03-15,Kern,29,1
827,2021-03-15,Kings,31,1
828,2021-03-15,Lake,33,1
829,2021-03-15,Lassen,35,2
830,2021-03-15,Los Angeles,37,2
831,2021-03-15,Madera,39,1
832,2021-03-15,Marin,41,2
833,2021-03-15,Mariposa,43,3
834,2021-03-15,Mendocino,45,2
835,2021-03-15,Merced,47,1
836,2021-03-15,Modoc,49,2
837,2021-03-15,Mono,51,2
838,2021-03-15,Monterey,53,1
839,2021-03-15,Napa,55,2
840,2021-03-15,Nevada,57,1
841,2021-03-15,Orange,59,2
842,2021-03-15,Placer,61,2
843,2021-03-15,Plumas,63,3
844,2021-03-15,Riverside,65,1
845,2021-03-15,Sacramento,67,1
846,2021-03-15,San Benito,69,2
847,2021-03-15,San Bernardino,71,2
848,2021-03-15,San Diego,73,1
849,2021-03-15,San Francisco,75,2
850,2021-03-15,San Joaquin,77,1
851,2021-03-15,San Luis Obispo,79,2
852,2021-03-15,San Mateo,81,2
853,2021-03-15,Santa Barbara,83,1
854,2021-03-15,Santa Clara,85,2
855,2021-03-15,Santa Cruz,87,2
856,2021-03-15,Shasta,89,2
857,2021-03-15,Sierra,91,3
858,2021-03-15,Siskiyou,93,2
859,2021-03-15,Solano,95,2
860,2021-03-15,Sonoma,97,2
861,2021-03-15,Stanislaus,99,1
862,2021-03-15,Sutter,101,1
863,2021-03-15,Tehama,103,1
864,2021-03-15,Trinity,105,2
865,2021-03-15,Tulare,107,1
866,2021-03-15,Tuolumne,109,2
867,2021-03-15,Ventura,111,1
868,2021-03-15,Yolo,113,2
869,2021-03-15,Yuba,115,1
870,2021-03-08,Alameda,1,1
871,2021-03-08,Alpine,3,3
872,2021-03-08,Amador,5,1
873,2021-03-08,Butte,7,1
874,2021-03-08,Calaveras,9,1
875,2021-03-08,Colusa,11,1
876,2021-03-08,Contra Costa,13,1
877,2021-03-08,Del Norte,15,2
878,2021-03-08,El Dorado,17,2
879,2021-03-08,Fresno,19,1
880,2021-03-08,Glenn,21,1
881,2021-03-08,Humboldt,23,2
882,2021-03-08,Imperial,25,1
883,2021-03-08,Inyo,27,1
884,2021-03-08,Kern,29,1
885,2021-03-08,Kings,31,1
886,2021-03-08,Lake,33,1
887,2021-03-08,Lassen,35,2
888,2021-03-08,Los Angeles,37,1
889,2021-03-08,Madera,39,1
890,2021-03-08,Marin,41,2
891,2021-03-08,Mariposa,43,2
892,2021-03-08,Mendocino,45,1
893,2021-03-08,Merced,47,1
894,2021-03-08,Modoc,49,2
895,2021-03-08,Mono,51,1
896,2021-03-08,Monterey,53,1
897,2021-03-08,Napa,55,2
898,2021-03-08,Nevada,57,1
899,2021-03-08,Orange,59,1
900,2021-03-08,Placer,61,1
901,2021-03-08,Plumas,63,2
902,2021-03-08,Riverside,65,1
903,2021-03-08,Sacramento,67,1
904,2021-03-08,San Benito,69,1
905,2021-03-08,San Bernardino,71,1
906,2021-03-08,San Diego,73,1
907,2021-03-08,San Francisco,75,2
908,2021-03-08,San Joaquin,77,1
909,2021-03-08,San Luis Obispo,79,2
910,2021-03-08,San Mateo,81,2
911,2021-03-08,Santa Barbara,83,1
912,2021-03-08,Santa Clara,85,2
913,2021-03-08,Santa Cruz,87,1
914,2021-03-08,Shasta,89,2
915,2021-03-08,Sierra,91,3
916,2021-03-08,Siskiyou,93,1
917,2021-03-08,Solano,95,1
918,2021-03-08,Sonoma,97,1
919,2021-03-08,Stanislaus,99,1
920,2021-03-08,Sutter,101,1
921,2021-03-08,Tehama,103,1
922,2021-03-08,Trinity,105,2
923,2021-03-08,Tulare,107,1
924,2021-03-08,Tuolumne,109,1
925,2021-03-08,Ventura,111,1
926,2021-03-08,Yolo,113,2
927,2021-03-08,Yuba,115,1
928,2021-03-01,Alameda,1,1
929,2021-03-01,Alpine,3,3
930,2021-03-01,Amador,5,1
931,2021-03-01,Butte,7,1
932,2021-03-01,Calaveras,9,1
933,2021-03-01,Colusa,11,1
934,2021-03-01,Contra Costa,13,1
935,2021-03-01,Del Norte,15,2
936,2021-03-01,El Dorado,17,1
937,2021-03-01,Fresno,19,1
938,2021-03-01,Glenn,21,1
939,2021-03-01,Humboldt,23,2
940,2021-03-01,Imperial,25,1
941,2021-03-01,Inyo,27,1
942,2021-03-01,Kern,29,1
943,2021-03-01,Kings,31,1
944,2021-03-01,Lake,33,1
945,2021-03-01,Lassen,35,1
946,2021-03-01,Los Angeles,37,1
947,2021-03-01,Madera,39,1
948,2021-03-01,Marin,41,2
949,2021-03-01,Mariposa,43,2
950,2021-03-01,Mendocino,45,1
951,2021-03-01,Merced,47,1
952,2021-03-01,Modoc,49,1
953,2021-03-01,Mono,51,1
954,2021-03-01,Monterey,53,1
955,2021-03-01,Napa,55,1
956,2021-03-01,Nevada,57,1
957,2021-03-01,Orange,59,1
958,2021-03-01,Placer,61,1
959,2021-03-01,Plumas,63,2
960,2021-03-01,Riverside,65,1
961,2021-03-01,Sacramento,67,1
962,2021-03-01,San Benito,69,1
963,2021-03-01,San Bernardino,71,1
964,2021-03-01,San Diego,73,1
965,2021-03-01,San Francisco,75,1
966,2021-03-01,San Joaquin,77,1
967,2021-03-01,San Luis Obispo,79,1
968,2021-03-01,San Mateo,81,2
969,2021-03-01,Santa Barbara,83,1
970,2021-03-01,Santa Clara,85,1
971,2021-03-01,Santa Cruz,87,1
972,2021-03-01,Shasta,89,2
973,2021-03-01,Sierra,91,3
974,2021-03-01,Siskiyou,93,1
975,2021-03-01,Solano,95,1
976,2021-03-01,Sonoma,97,1
977,2021-03-01,Stanislaus,99,1
978,2021-03-01,Sutter,101,1
979,2021-03-01,Tehama,103,1
980,2021-03-01,Trinity,105,2
981,2021-03-01,Tulare,107,1
982,2021-03-01,Tuolumne,109,1
983,2021-03-01,Ventura,111,1
984,2021-03-01,Yolo,113,2
985,2021-03-01,Yuba,115,1
986,2021-02-22,Alameda,1,1
987,2021-02-22,Alpine,3,3
988,2021-02-22,Amador,5,1
989,2021-02-22,Butte,7,1
990,2021-02-22,Calaveras,9,1
991,2021-02-22,Colusa,11,1
992,2021-02-22,Contra Costa,13,1
993,2021-02-22,Del Norte,15,2
994,2021-02-22,El Dorado,17,1
995,2021-02-22,Fresno,19,1
996,2021-02-22,Glenn,21,1
997,2021-02-22,Humboldt,23,1
998,2021-02-22,Imperial,25,1
999,2021-02-22,Inyo,27,1
1000,2021-02-22,Kern,29,1
1001,2021-02-22,Kings,31,1
1002,2021-02-22,Lake,33,1
1003,2021-02-22,Lassen,35,1
1004,2021-02-22,Los Angeles,37,1
1005,2021-02-22,Madera,39,1
1006,2021-02-22,Marin,41,1
1007,2021-02-22,Mariposa,43,2
1008,2021-02-22,Mendocino,45,1
1009,2021-02-22,Merced,47,1
1010,2021-02-22,Modoc,49,1
1011,2021-02-22,Mono,51,1
1012,2021-02-22,Monterey,53,1
1013,2021-02-22,Napa,55,1
1014,2021-02-22,Nevada,57,1
1015,2021-02-22,Orange,59,1
1016,2021-02-22,Placer,61,1
1017,2021-02-22,Plumas,63,2
1018,2021-02-22,Riverside,65,1
1019,2021-02-22,Sacramento,67,1
1020,2021-02-22,San Benito,69,1
1021,2021-02-22,San Bernardino,71,1
1022,2021-02-22,San Diego,73,1
1023,2021-02-22,San Francisco,75,1
1024,2021-02-22,San Joaquin,77,1
1025,2021-02-22,San Luis Obispo,79,1
1026,2021-02-22,San Mateo,81,1
1027,2021-02-22,Santa Barbara,83,1
1028,2021-02-22,Santa Clara,85,1
1029,2021-02-22,Santa Cruz,87,1
1030,2021-02-22,Shasta,89,1
1031,2021-02-22,Sierra,91,3
1032,2021-02-22,Siskiyou,93,1
1033,2021-02-22,Solano,95,1
1034,2021-02-22,Sonoma,97,1
1035,2021-02-22,Stanislaus,99,1
1036,2021-02-22,Sutter,101,1
1037,2021-02-22,Tehama,103,1
1038,2021-02-22,Trinity,105,3
1039,2021-02-22,Tulare,107,1
1040,2021-02-22,Tuolumne,109,1
1041,2021-02-22,Ventura,111,1
1042,2021-02-22,Yolo,113,1
1043,2021-02-22,Yuba,115,1
1044,2021-02-15,Alameda,1,1
1045,2021-02-15,Alpine,3,3
1046,2021-02-15,Amador,5,1
1047,2021-02-15,Butte,7,1
1048,2021-02-15,Calaveras,9,1
1049,2021-02-15,Colusa,11,1
1050,2021-02-15,Contra Costa,13,1
1051,2021-02-15,Del Norte,15,2
1052,2021-02-15,El Dorado,17,1
1053,2021-02-15,Fresno,19,1
1054,2021-02-15,Glenn,21,1
1055,2021-02-15,Humboldt,23,1
1056,2021-02-15,Imperial,25,1
1057,2021-02-15,Inyo,27,1
1058,2021-02-15,Kern,29,1
1059,2021-02-15,Kings,31,1
1060,2021-02-15,Lake,33,1
1061,2021-02-15,Lassen,35,1
1062,2021-02-15,Los Angeles,37,1
1063,2021-02-15,Madera,39,1
1064,2021-02-15,Marin,41,1
1065,2021-02-15,Mariposa,43,2
1066,2021-02-15,Mendocino,45,1
1067,2021-02-15,Merced,47,1
1068,2021-02-15,Modoc,49,1
1069,2021-02-15,Mono,51,1
1070,2021-02-15,Monterey,53,1
1071,2021-02-15,Napa,55,1
1072,2021-02-15,Nevada,57,1
1073,2021-02-15,Orange,59,1
1074,2021-02-15,Placer,61,1
1075,2021-02-15,Plumas,63,1
1076,2021-02-15,Riverside,65,1
1077,2021-02-15,Sacramento,67,1
1078,2021-02-15,San Benito,69,1
1079,2021-02-15,San Bernardino,71,1
1080,2021-02-15,San Diego,73,1
1081,2021-02-15,San Francisco,75,1
1082,2021-02-15,San Joaquin,77,1
1083,2021-02-15,San Luis Obispo,79,1
1084,2021-02-15,San Mateo,81,1
1085,2021-02-15,Santa Barbara,83,1
1086,2021-02-15,Santa Clara,85,1
1087,2021-02-15,Santa Cruz,87,1
1088,2021-02-15,Shasta,89,1
1089,2021-02-15,Sierra,91,3
1090,2021-02-15,Siskiyou,93,1
1091,2021-02-15,Solano,95,1
1092,2021-02-15,Sonoma,97,1
1093,2021-02-15,Stanislaus,99,1
1094,2021-02-15,Sutter,101,1
1095,2021-02-15,Tehama,103,1
1096,2021-02-15,Trinity,105,3
1097,2021-02-15,Tulare,107,1
1098,2021-02-15,Tuolumne,109,1
1099,2021-02-15,Ventura,111,1
1100,2021-02-15,Yolo,113,1
1101,2021-02-15,Yuba,115,1
1102,2021-02-08,Alameda,1,1
1103,2021-02-08,Alpine,3,3
1104,2021-02-08,Amador,5,1
1105,2021-02-08,Butte,7,1
1106,2021-02-08,Calaveras,9,1
1107,2021-02-08,Colusa,11,1
1108,2021-02-08,Contra Costa,13,1
1109,2021-02-08,Del Norte,15,1
1110,2021-02-08,El Dorado,17,1
1111,2021-02-08,Fresno,19,1
1112,2021-02-08,Glenn,21,1
1113,2021-02-08,Humboldt,23,1
1114,2021-02-08,Imperial,25,1
1115,2021-02-08,Inyo,27,1
1116,2021-02-08,Kern,29,1
1117,2021-02-08,Kings,31,1
1118,2021-02-08,Lake,33,1
1119,2021-02-08,Lassen,35,1
1120,2021-02-08,Los Angeles,37,1
1121,2021-02-08,Madera,39,1
1122,2021-02-08,Marin,41,1
1123,2021-02-08,Mariposa,43,2
1124,2021-02-08,Mendocino,45,1
1125,2021-02-08,Merced,47,1
1126,2021-02-08,Modoc,49,1
1127,2021-02-08,Mono,51,1
1128,2021-02-08,Monterey,53,1
1129,2021-02-08,Napa,55,1
1130,2021-02-08,Nevada,57,1
1131,2021-02-08,Orange,59,1
1132,2021-02-08,Placer,61,1
1133,2021-02-08,Plumas,63,1
1134,2021-02-08,Riverside,65,1
1135,2021-02-08,Sacramento,67,1
1136,2021-02-08,San Benito,69,1
1137,2021-02-08,San Bernardino,71,1
1138,2021-02-08,San Diego,73,1
1139,2021-02-08,San Francisco,75,1
1140,2021-02-08,San Joaquin,77,1
1141,2021-02-08,San Luis Obispo,79,1
1142,2021-02-08,San Mateo,81,1
1143,2021-02-08,Santa Barbara,83,1
1144,2021-02-08,Santa Clara,85,1
1145,2021-02-08,Santa Cruz,87,1
1146,2021-02-08,Shasta,89,1
1147,2021-02-08,Sierra,91,3
1148,2021-02-08,Siskiyou,93,1
1149,2021-02-08,Solano,95,1
1150,2021-02-08,Sonoma,97,1
1151,2021-02-08,Stanislaus,99,1
1152,2021-02-08,Sutter,101,1
1153,2021-02-08,Tehama,103,1
1154,2021-02-08,Trinity,105,3
1155,2021-02-08,Tulare,107,1
1156,2021-02-08,Tuolumne,109,1
1157,2021-02-08,Ventura,111,1
1158,2021-02-08,Yolo,113,1
1159,2021-02-08,Yuba,115,1
1160,2021-02-01,Alameda,1,1
1161,2021-02-01,Alpine,3,2
1162,2021-02-01,Amador,5,1
1163,2021-02-01,Butte,7,1
1164,2021-02-01,Calaveras,9,1
1165,2021-02-01,Colusa,11,1
1166,2021-02-01,Contra Costa,13,1
1167,2021-02-01,Del Norte,15,1
1168,2021-02-01,El Dorado,17,1
1169,2021-02-01,Fresno,19,1
1170,2021-02-01,Glenn,21,1
1171,2021-02-01,Humboldt,23,1
1172,2021-02-01,Imperial,25,1
1173,2021-02-01,Inyo,27,1
1174,2021-02-01,Kern,29,1
1175,2021-02-01,Kings,31,1
1176,2021-02-01,Lake,33,1
1177,2021-02-01,Lassen,35,1
1178,2021-02-01,Los Angeles,37,1
1179,2021-02-01,Madera,39,1
1180,2021-02-01,Marin,41,1
1181,2021-02-01,Mariposa,43,2
1182,2021-02-01,Mendocino,45,1
1183,2021-02-01,Merced,47,1
1184,2021-02-01,Modoc,49,1
1185,2021-02-01,Mono,51,1
1186,2021-02-01,Monterey,53,1
1187,2021-02-01,Napa,55,1
1188,2021-02-01,Nevada,57,1
1189,2021-02-01,Orange,59,1
1190,2021-02-01,Placer,61,1
1191,2021-02-01,Plumas,63,1
1192,2021-02-01,Riverside,65,1
1193,2021-02-01,Sacramento,67,1
1194,2021-02-01,San Benito,69,1
1195,2021-02-01,San Bernardino,71,1
1196,2021-02-01,San Diego,73,1
1197,2021-02-01,San Francisco,75,1
1198,2021-02-01,San Joaquin,77,1
1199,2021-02-01,San Luis Obispo,79,1
1200,2021-02-01,San Mateo,81,1
1201,2021-02-01,Santa Barbara,83,1
1202,2021-02-01,Santa Clara,85,1
1203,2021-02-01,Santa Cruz,87,1
1204,2021-02-01,Shasta,89,1
1205,2021-02-01,Sierra,91,3
1206,2021-02-01,Siskiyou,93,1
1207,2021-02-01,Solano,95,1
1208,2021-02-01,Sonoma,97,1
1209,2021-02-01,Stanislaus,99,1
1210,2021-02-01,Sutter,101,1
1211,2021-02-01,Tehama,103,1
1212,2021-02-01,Trinity,105,2
1213,2021-02-01,Tulare,107,1
1214,2021-02-01,Tuolumne,109,1
1215,2021-02-01,Ventura,111,1
1216,2021-02-01,Yolo,113,1
1217,2021-02-01,Yuba,115,1
1218,2021-01-25,Alameda,1,1
1219,2021-01-25,Alpine,3,2
1220,2021-01-25,Amador,5,1
1221,2021-01-25,Butte,7,1
1222,2021-01-25,Calaveras,9,1
1223,2021-01-25,Colusa,11,1
1224,2021-01-25,Contra Costa,13,1
1225,2021-01-25,Del Norte,15,1
1226,2021-01-25,El Dorado,17,1
1227,2021-01-25,Fresno,19,1
1228,2021-01-25,Glenn,21,1
1229,2021-01-25,Humboldt,23,1
1230,2021-01-25,Imperial,25,1
1231,2021-01-25,Inyo,27,1
1232,2021-01-25,Kern,29,1
1233,2021-01-25,Kings,31,1
1234,2021-01-25,Lake,33,1
1235,2021-01-25,Lassen,35,1
1236,2021-01-25,Los Angeles,37,1
1237,2021-01-25,Madera,39,1
1238,2021-01-25,Marin,41,1
1239,2021-01-25,Mariposa,43,2
1240,2021-01-25,Mendocino,45,1
1241,2021-01-25,Merced,47,1
1242,2021-01-25,Modoc,49,1
1243,2021-01-25,Mono,51,1
1244,2021-01-25,Monterey,53,1
1245,2021-01-25,Napa,55,1
1246,2021-01-25,Nevada,57,1
1247,2021-01-25,Orange,59,1
1248,2021-01-25,Placer,61,1
1249,2021-01-25,Plumas,63,1
1250,2021-01-25,Riverside,65,1
1251,2021-01-25,Sacramento,67,1
1252,2021-01-25,San Benito,69,1
1253,2021-01-25,San Bernardino,71,1
1254,2021-01-25,San Diego,73,1
1255,2021-01-25,San Francisco,75,1
1256,2021-01-25,San Joaquin,77,1
1257,2021-01-25,San Luis Obispo,79,1
1258,2021-01-25,San Mateo,81,1
1259,2021-01-25,Santa Barbara,83,1
1260,2021-01-25,Santa Clara,85,1
1261,2021-01-25,Santa Cruz,87,1
1262,2021-01-25,Shasta,89,1
1263,2021-01-25,Sierra,91,3
1264,2021-01-25,Siskiyou,93,1
1265,2021-01-25,Solano,95,1
1266,2021-01-25,Sonoma,97,1
1267,2021-01-25,Stanislaus,99,1
1268,2021-01-25,Sutter,101,1
1269,2021-01-25,Tehama,103,1
1270,2021-01-25,Trinity,105,2
1271,2021-01-25,Tulare,107,1
1272,2021-01-25,Tuolumne,109,1
1273,2021-01-25,Ventura,111,1
1274,2021-01-25,Yolo,113,1
1275,2021-01-25,Yuba,115,1
1276,2021-01-18,Alameda,1,1
1277,2021-01-18,Alpine,3,2
1278,2021-01-18,Amador,5,1
1279,2021-01-18,Butte,7,1
1280,2021-01-18,Calaveras,9,1
1281,2021-01-18,Colusa,11,1
1282,2021-01-18,Contra Costa,13,1
1283,2021-01-18,Del Norte,15,1
1284,2021-01-18,El Dorado,17,1
1285,2021-01-18,Fresno,19,1
1286,2021-01-18,Glenn,21,1
1287,2021-01-18,Humboldt,23,1
1288,2021-01-18,Imperial,25,1
1289,2021-01-18,Inyo,27,1
1290,2021-01-18,Kern,29,1
1291,2021-01-18,Kings,31,1
1292,2021-01-18,Lake,33,1
1293,2021-01-18,Lassen,35,1
1294,2021-01-18,Los Angeles,37,1
1295,2021-01-18,Madera,39,1
1296,2021-01-18,Marin,41,1
1297,2021-01-18,Mariposa,43,2
1298,2021-01-18,Mendocino,45,1
1299,2021-01-18,Merced,47,1
1300,2021-01-18,Modoc,49,1
1301,2021-01-18,Mono,51,1
1302,2021-01-18,Monterey,53,1
1303,2021-01-18,Napa,55,1
1304,2021-01-18,Nevada,57,1
1305,2021-01-18,Orange,59,1
1306,2021-01-18,Placer,61,1
1307,2021-01-18,Plumas,63,1
1308,2021-01-18,Riverside,65,1
1309,2021-01-18,Sacramento,67,1
1310,2021-01-18,San Benito,69,1
1311,2021-01-18,San Bernardino,71,1
1312,2021-01-18,San Diego,73,1
1313,2021-01-18,San Francisco,75,1
1314,2021-01-18,San Joaquin,77,1
1315,2021-01-18,San Luis Obispo,79,1
1316,2021-01-18,San Mateo,81,1
1317,2021-01-18,Santa Barbara,83,1
1318,2021-01-18,Santa Clara,85,1
1319,2021-01-18,Santa Cruz,87,1
1320,2021-01-18,Shasta,89,1
1321,2021-01-18,Sierra,91,3
1322,2021-01-18,Siskiyou,93,1
1323,2021-01-18,Solano,95,1
1324,2021-01-18,Sonoma,97,1
1325,2021-01-18,Stanislaus,99,1
1326,2021-01-18,Sutter,101,1
1327,2021-01-18,Tehama,103,1
1328,2021-01-18,Trinity,105,2
1329,2021-01-18,Tulare,107,1
1330,2021-01-18,Tuolumne,109,1
1331,2021-01-18,Ventura,111,1
1332,2021-01-18,Yolo,113,1
1333,2021-01-18,Yuba,115,1
1334,2021-01-11,Alameda,1,1
1335,2021-01-11,Alpine,3,2
1336,2021-01-11,Amador,5,1
1337,2021-01-11,Butte,7,1
1338,2021-01-11,Calaveras,9,1
1339,2021-01-11,Colusa,11,1
1340,2021-01-11,Contra Costa,13,1
1341,2021-01-11,Del Norte,15,1
1342,2021-01-11,El Dorado,17,1
1343,2021-01-11,Fresno,19,1
1344,2021-01-11,Glenn,21,1
1345,2021-01-11,Humboldt,23,2
1346,2021-01-11,Imperial,25,1
1347,2021-01-11,Inyo,27,1
1348,2021-01-11,Kern,29,1
1349,2021-01-11,Kings,31,1
1350,2021-01-11,Lake,33,1
1351,2021-01-11,Lassen,35,1
1352,2021-01-11,Los Angeles,37,1
1353,2021-01-11,Madera,39,1
1354,2021-01-11,Marin,41,1
1355,2021-01-11,Mariposa,43,2
1356,2021-01-11,Mendocino,45,1
1357,2021-01-11,Merced,47,1
1358,2021-01-11,Modoc,49,1
1359,2021-01-11,Mono,51,1
1360,2021-01-11,Monterey,53,1
1361,2021-01-11,Napa,55,1
1362,2021-01-11,Nevada,57,1
1363,2021-01-11,Orange,59,1
1364,2021-01-11,Placer,61,1
1365,2021-01-11,Plumas,63,1
1366,2021-01-11,Riverside,65,1
1367,2021-01-11,Sacramento,67,1
1368,2021-01-11,San Benito,69,1
1369,2021-01-11,San Bernardino,71,1
1370,2021-01-11,San Diego,73,1
1371,2021-01-11,San Francisco,75,1
1372,2021-01-11,San Joaquin,77,1
1373,2021-01-11,San Luis Obispo,79,1
1374,2021-01-11,San Mateo,81,1
1375,2021-01-11,Santa Barbara,83,1
1376,2021-01-11,Santa Clara,85,1
1377,2021-01-11,Santa Cruz,87,1
1378,2021-01-11,Shasta,89,1
1379,2021-01-11,Sierra,91,3
1380,2021-01-11,Siskiyou,93,1
1381,2021-01-11,Solano,95,1
1382,2021-01-11,Sonoma,97,1
1383,2021-01-11,Stanislaus,99,1
1384,2021-01-11,Sutter,101,1
1385,2021-01-11,Tehama,103,1
1386,2021-01-11,Trinity,105,1
1387,2021-01-11,Tulare,107,1
1388,2021-01-11,Tuolumne,109,1
1389,2021-01-11,Ventura,111,1
1390,2021-01-11,Yolo,113,1
1391,2021-01-11,Yuba,115,1
1392,2021-01-04,Alameda,1,1
1393,2021-01-04,Alpine,3,2
1394,2021-01-04,Amador,5,1
1395,2021-01-04,Butte,7,1
1396,2021-01-04,Calaveras,9,1
1397,2021-01-04,Colusa,11,1
1398,2021-01-04,Contra Costa,13,1
1399,2021-01-04,Del Norte,15,1
1400,2021-01-04,El Dorado,17,1
1401,2021-01-04,Fresno,19,1
1402,2021-01-04,Glenn,21,1
1403,2021-01-04,Humboldt,23,2
1404,2021-01-04,Imperial,25,1
1405,2021-01-04,Inyo,27,1
1406,2021-01-04,Kern,29,1
1407,2021-01-04,Kings,31,1
1408,2021-01-04,Lake,33,1
1409,2021-01-04,Lassen,35,1
1410,2021-01-04,Los Angeles,37,1
1411,2021-01-04,Madera,39,1
1412,2021-01-04,Marin,41,1
1413,2021-01-04,Mariposa,43,2
1414,2021-01-04,Mendocino,45,1
1415,2021-01-04,Merced,47,1
1416,2021-01-04,Modoc,49,1
1417,2021-01-04,Mono,51,1
1418,2021-01-04,Monterey,53,1
1419,2021-01-04,Napa,55,1
1420,2021-01-04,Nevada,57,1
1421,2021-01-04,Orange,59,1
1422,2021-01-04,Placer,61,1
1423,2021-01-04,Plumas,63,1
1424,2021-01-04,Riverside,65,1
1425,2021-01-04,Sacramento,67,1
1426,2021-01-04,San Benito,69,1
1427,2021-01-04,San Bernardino,71,1
1428,2021-01-04,San Diego,73,1
1429,2021-01-04,San Francisco,75,1
1430,2021-01-04,San Joaquin,77,1
1431,2021-01-04,San Luis Obispo,79,1
1432,2021-01-04,San Mateo,81,1
1433,2021-01-04,Santa Barbara,83,1
1434,2021-01-04,Santa Clara,85,1
1435,2021-01-04,Santa Cruz,87,1
1436,2021-01-04,Shasta,89,1
1437,2021-01-04,Sierra,91,3
1438,2021-01-04,Siskiyou,93,1
1439,2021-01-04,Solano,95,1
1440,2021-01-04,Sonoma,97,1
1441,2021-01-04,Stanislaus,99,1
1442,2021-01-04,Sutter,101,1
1443,2021-01-04,Tehama,103,1
1444,2021-01-04,Trinity,105,1
1445,2021-01-04,Tulare,107,1
1446,2021-01-04,Tuolumne,109,1
1447,2021-01-04,Ventura,111,1
1448,2021-01-04,Yolo,113,1
1449,2021-01-04,Yuba,115,1
1450,2020-12-28,Alameda,1,1
1451,2020-12-28,Alpine,3,2
1452,2020-12-28,Amador,5,1
1453,2020-12-28,Butte,7,1
1454,2020-12-28,Calaveras,9,1
1455,2020-12-28,Colusa,11,1
1456,2020-12-28,Contra Costa,13,1
1457,2020-12-28,Del Norte,15,1
1458,2020-12-28,El Dorado,17,1
1459,2020-12-28,Fresno,19,1
1460,2020-12-28,Glenn,21,1
1461,2020-12-28,Humboldt,23,1
1462,2020-12-28,Imperial,25,1
1463,2020-12-28,Inyo,27,1
1464,2020-12-28,Kern,29,1
1465,2020-12-28,Kings,31,1
1466,2020-12-28,Lake,33,1
1467,2020-12-28,Lassen,35,1
1468,2020-12-28,Los Angeles,37,1
1469,2020-12-28,Madera,39,1
1470,2020-12-28,Marin,41,1
1471,2020-12-28,Mariposa,43,2
1472,2020-12-28,Mendocino,45,1
1473,2020-12-28,Merced,47,1
1474,2020-12-28,Modoc,49,1
1475,2020-12-28,Mono,51,1
1476,2020-12-28,Monterey,53,1
1477,2020-12-28,Napa,55,1
1478,2020-12-28,Nevada,57,1
1479,2020-12-28,Orange,59,1
1480,2020-12-28,Placer,61,1
1481,2020-12-28,Plumas,63,1
1482,2020-12-28,Riverside,65,1
1483,2020-12-28,Sacramento,67,1
1484,2020-12-28,San Benito,69,1
1485,2020-12-28,San Bernardino,71,1
1486,2020-12-28,San Diego,73,1
1487,2020-12-28,San Francisco,75,1
1488,2020-12-28,San Joaquin,77,1
1489,2020-12-28,San Luis Obispo,79,1
1490,2020-12-28,San Mateo,81,1
1491,2020-12-28,Santa Barbara,83,1
1492,2020-12-28,Santa Clara,85,1
1493,2020-12-28,Santa Cruz,87,1
1494,2020-12-28,Shasta,89,1
1495,2020-12-28,Sierra,91,3
1496,2020-12-28,Siskiyou,93,1
1497,2020-12-28,Solano,95,1
1498,2020-12-28,Sonoma,97,1
1499,2020-12-28,Stanislaus,99,1
1500,2020-12-28,Sutter,101,1
1501,2020-12-28,Tehama,103,1
1502,2020-12-28,Trinity,105,1
1503,2020-12-28,Tulare,107,1
1504,2020-12-28,Tuolumne,109,1
1505,2020-12-28,Ventura,111,1
1506,2020-12-28,Yolo,113,1
1507,2020-12-28,Yuba,115,1
1508,2020-12-21,Alameda,1,1
1509,2020-12-21,Alpine,3,2
1510,2020-12-21,Amador,5,1
1511,2020-12-21,Butte,7,1
1512,2020-12-21,Calaveras,9,1
1513,2020-12-21,Colusa,11,1
1514,2020-12-21,Contra Costa,13,1
1515,2020-12-21,Del Norte,15,1
1516,2020-12-21,El Dorado,17,1
1517,2020-12-21,Fresno,19,1
1518,2020-12-21,Glenn,21,1
1519,2020-12-21,Humboldt,23,1
1520,2020-12-21,Imperial,25,1
1521,2020-12-21,Inyo,27,1
1522,2020-12-21,Kern,29,1
1523,2020-12-21,Kings,31,1
1524,2020-12-21,Lake,33,1
1525,2020-12-21,Lassen,35,1
1526,2020-12-21,Los Angeles,37,1
1527,2020-12-21,Madera,39,1
1528,2020-12-21,Marin,41,1
1529,2020-12-21,Mariposa,43,2
1530,2020-12-21,Mendocino,45,1
1531,2020-12-21,Merced,47,1
1532,2020-12-21,Modoc,49,1
1533,2020-12-21,Mono,51,1
1534,2020-12-21,Monterey,53,1
1535,2020-12-21,Napa,55,1
1536,2020-12-21,Nevada,57,1
1537,2020-12-21,Orange,59,1
1538,2020-12-21,Placer,61,1
1539,2020-12-21,Plumas,63,1
1540,2020-12-21,Riverside,65,1
1541,2020-12-21,Sacramento,67,1
1542,2020-12-21,San Benito,69,1
1543,2020-12-21,San Bernardino,71,1
1544,2020-12-21,San Diego,73,1
1545,2020-12-21,San Francisco,75,1
1546,2020-12-21,San Joaquin,77,1
1547,2020-12-21,San Luis Obispo,79,1
1548,2020-12-21,San Mateo,81,1
1549,2020-12-21,Santa Barbara,83,1
1550,2020-12-21,Santa Clara,85,1
1551,2020-12-21,Santa Cruz,87,1
1552,2020-12-21,Shasta,89,1
1553,2020-12-21,Sierra,91,3
1554,2020-12-21,Siskiyou,93,1
1555,2020-12-21,Solano,95,1
1556,2020-12-21,Sonoma,97,1
1557,2020-12-21,Stanislaus,99,1
1558,2020-12-21,Sutter,101,1
1559,2020-12-21,Tehama,103,1
1560,2020-12-21,Trinity,105,1
1561,2020-12-21,Tulare,107,1
1562,2020-12-21,Tuolumne,109,1
1563,2020-12-21,Ventura,111,1
1564,2020-12-21,Yolo,113,1
1565,2020-12-21,Yuba,115,1
1566,2020-12-14,Alameda,1,1
1567,2020-12-14,Alpine,3,2
1568,2020-12-14,Amador,5,1
1569,2020-12-14,Butte,7,1
1570,2020-12-14,Calaveras,9,1
1571,2020-12-14,Colusa,11,1
1572,2020-12-14,Contra Costa,13,1
1573,2020-12-14,Del Norte,15,1
1574,2020-12-14,El Dorado,17,1
1575,2020-12-14,Fresno,19,1
1576,2020-12-14,Glenn,21,1
1577,2020-12-14,Humboldt,23,1
1578,2020-12-14,Imperial,25,1
1579,2020-12-14,Inyo,27,2
1580,2020-12-14,Kern,29,1
1581,2020-12-14,Kings,31,1
1582,2020-12-14,Lake,33,1
1583,2020-12-14,Lassen,35,1
1584,2020-12-14,Los Angeles,37,1
1585,2020-12-14,Madera,39,1
1586,2020-12-14,Marin,41,1
1587,2020-12-14,Mariposa,43,2
1588,2020-12-14,Mendocino,45,1
1589,2020-12-14,Merced,47,1
1590,2020-12-14,Modoc,49,1
1591,2020-12-14,Mono,51,1
1592,2020-12-14,Monterey,53,1
1593,2020-12-14,Napa,55,1
1594,2020-12-14,Nevada,57,1
1595,2020-12-14,Orange,59,1
1596,2020-12-14,Placer,61,1
1597,2020-12-14,Plumas,63,1
1598,2020-12-14,Riverside,65,1
1599,2020-12-14,Sacramento,67,1
1600,2020-12-14,San Benito,69,1
1601,2020-12-14,San Bernardino,71,1
1602,2020-12-14,San Diego,73,1
1603,2020-12-14,San Francisco,75,1
1604,2020-12-14,San Joaquin,77,1
1605,2020-12-14,San Luis Obispo,79,1
1606,2020-12-14,San Mateo,81,1
1607,2020-12-14,Santa Barbara,83,1
1608,2020-12-14,Santa Clara,85,1
1609,2020-12-14,Santa Cruz,87,1
1610,2020-12-14,Shasta,89,1
1611,2020-12-14,Sierra,91,3
1612,2020-12-14,Siskiyou,93,1
1613,2020-12-14,Solano,95,1
1614,2020-12-14,Sonoma,97,1
1615,2020-12-14,Stanislaus,99,1
1616,2020-12-14,Sutter,101,1
1617,2020-12-14,Tehama,103,1
1618,2020-12-14,Trinity,105,1
1619,2020-12-14,Tulare,107,1
1620,2020-12-14,Tuolumne,109,1
1621,2020-12-14,Ventura,111,1
1622,2020-12-14,Yolo,113,1
1623,2020-12-14,Yuba,115,1
1624,2020-12-07,Alameda,1,1
1625,2020-12-07,Alpine,3,2
1626,2020-12-07,Amador,5,2
1627,2020-12-07,Butte,7,1
1628,2020-12-07,Calaveras,9,1
1629,2020-12-07,Colusa,11,1
1630,2020-12-07,Contra Costa,13,1
1631,2020-12-07,Del Norte,15,1
1632,2020-12-07,El Dorado,17,1
1633,2020-12-07,Fresno,19,1
1634,2020-12-07,Glenn,21,1
1635,2020-12-07,Humboldt,23,1
1636,2020-12-07,Imperial,25,1
1637,2020-12-07,Inyo,27,2
1638,2020-12-07,Kern,29,1
1639,2020-12-07,Kings,31,1
1640,2020-12-07,Lake,33,1
1641,2020-12-07,Lassen,35,1
1642,2020-12-07,Los Angeles,37,1
1643,2020-12-07,Madera,39,1
1644,2020-12-07,Marin,41,2
1645,2020-12-07,Mariposa,43,2
1646,2020-12-07,Mendocino,45,1
1647,2020-12-07,Merced,47,1
1648,2020-12-07,Modoc,49,1
1649,2020-12-07,Mono,51,1
1650,2020-12-07,Monterey,53,1
1651,2020-12-07,Napa,55,1
1652,2020-12-07,Nevada,57,1
1653,2020-12-07,Orange,59,1
1654,2020-12-07,Placer,61,1
1655,2020-12-07,Plumas,63,1
1656,2020-12-07,Riverside,65,1
1657,2020-12-07,Sacramento,67,1
1658,2020-12-07,San Benito,69,1
1659,2020-12-07,San Bernardino,71,1
1660,2020-12-07,San Diego,73,1
1661,2020-12-07,San Francisco,75,1
1662,2020-12-07,San Joaquin,77,1
1663,2020-12-07,San Luis Obispo,79,1
1664,2020-12-07,San Mateo,81,1
1665,2020-12-07,Santa Barbara,83,1
1666,2020-12-07,Santa Clara,85,1
1667,2020-12-07,Santa Cruz,87,1
1668,2020-12-07,Shasta,89,1
1669,2020-12-07,Sierra,91,3
1670,2020-12-07,Siskiyou,93,1
1671,2020-12-07,Solano,95,1
1672,2020-12-07,Sonoma,97,1
1673,2020-12-07,Stanislaus,99,1
1674,2020-12-07,Sutter,101,1
1675,2020-12-07,Tehama,103,1
1676,2020-12-07,Trinity,105,1
1677,2020-12-07,Tulare,107,1
1678,2020-12-07,Tuolumne,109,1
1679,2020-12-07,Ventura,111,1
1680,2020-12-07,Yolo,113,1
1681,2020-12-07,Yuba,115,1
1682,2020-11-30,Alameda,1,1
1683,2020-11-30,Alpine,3,2
1684,2020-11-30,Amador,5,2
1685,2020-11-30,Butte,7,1
1686,2020-11-30,Calaveras,9,1
1687,2020-11-30,Colusa,11,1
1688,2020-11-30,Contra Costa,13,1
1689,2020-11-30,Del Norte,15,1
1690,2020-11-30,El Dorado,17,1
1691,2020-11-30,Fresno,19,1
1692,2020-11-30,Glenn,21,1
1693,2020-11-30,Humboldt,23,1
1694,2020-11-30,Imperial,25,1
1695,2020-11-30,Inyo,27,2
1696,2020-11-30,Kern,29,1
1697,2020-11-30,Kings,31,1
1698,2020-11-30,Lake,33,1
1699,2020-11-30,Lassen,35,1
1700,2020-11-30,Los Angeles,37,1
1701,2020-11-30,Madera,39,1
1702,2020-11-30,Marin,41,2
1703,2020-11-30,Mariposa,43,2
1704,2020-11-30,Mendocino,45,1
1705,2020-11-30,Merced,47,1
1706,2020-11-30,Modoc,49,1
1707,2020-11-30,Mono,51,2
1708,2020-11-30,Monterey,53,1
1709,2020-11-30,Napa,55,1
1710,2020-11-30,Nevada,57,1
1711,2020-11-30,Orange,59,1
1712,2020-11-30,Placer,61,1
1713,2020-11-30,Plumas,63,1
1714,2020-11-30,Riverside,65,1
1715,2020-11-30,Sacramento,67,1
1716,2020-11-30,San Benito,69,1
1717,2020-11-30,San Bernardino,71,1
1718,2020-11-30,San Diego,73,1
1719,2020-11-30,San Francisco,75,1
1720,2020-11-30,San Joaquin,77,1
1721,2020-11-30,San Luis Obispo,79,1
1722,2020-11-30,San Mateo,81,1
1723,2020-11-30,Santa Barbara,83,1
1724,2020-11-30,Santa Clara,85,1
1725,2020-11-30,Santa Cruz,87,1
1726,2020-11-30,Shasta,89,1
1727,2020-11-30,Sierra,91,3
1728,2020-11-30,Siskiyou,93,1
1729,2020-11-30,Solano,95,1
1730,2020-11-30,Sonoma,97,1
1731,2020-11-30,Stanislaus,99,1
1732,2020-11-30,Sutter,101,1
1733,2020-11-30,Tehama,103,1
1734,2020-11-30,Trinity,105,1
1735,2020-11-30,Tulare,107,1
1736,2020-11-30,Tuolumne,109,1
1737,2020-11-30,Ventura,111,1
1738,2020-11-30,Yolo,113,1
1739,2020-11-30,Yuba,115,1
1740,2020-11-23,Alameda,1,1
1741,2020-11-23,Alpine,3,4
1742,2020-11-23,Amador,5,2
1743,2020-11-23,Butte,7,1
1744,2020-11-23,Calaveras,9,3
1745,2020-11-23,Colusa,11,2
1746,2020-11-23,Contra Costa,13,1
1747,2020-11-23,Del Norte,15,2
1748,2020-11-23,El Dorado,17,1
1749,2020-11-23,Fresno,19,1
1750,2020-11-23,Glenn,21,1
1751,2020-11-23,Humboldt,23,2
1752,2020-11-23,Imperial,25,1
1753,2020-11-23,Inyo,27,3
1754,2020-11-23,Kern,29,1
1755,2020-11-23,Kings,31,1
1756,2020-11-23,Lake,33,2
1757,2020-11-23,Lassen,35,3
1758,2020-11-23,Los Angeles,37,1
1759,2020-11-23,Madera,39,1
1760,2020-11-23,Marin,41,2
1761,2020-11-23,Mariposa,43,4
1762,2020-11-23,Mendocino,45,1
1763,2020-11-23,Merced,47,1
1764,2020-11-23,Modoc,49,2
1765,2020-11-23,Mono,51,2
1766,2020-11-23,Monterey,53,1
1767,2020-11-23,Napa,55,1
1768,2020-11-23,Nevada,57,1
1769,2020-11-23,Orange,59,1
1770,2020-11-23,Placer,61,1
1771,2020-11-23,Plumas,63,2
1772,2020-11-23,Riverside,65,1
1773,2020-11-23,Sacramento,67,1
1774,2020-11-23,San Benito,69,1
1775,2020-11-23,San Bernardino,71,1
1776,2020-11-23,San Diego,73,1
1777,2020-11-23,San Francisco,75,2
1778,2020-11-23,San Joaquin,77,1
1779,2020-11-23,San Luis Obispo,79,1
1780,2020-11-23,San Mateo,81,2
1781,2020-11-23,Santa Barbara,83,1
1782,2020-11-23,Santa Clara,85,1
1783,2020-11-23,Santa Cruz,87,1
1784,2020-11-23,Shasta,89,1
1785,2020-11-23,Sierra,91,3
1786,2020-11-23,Siskiyou,93,1
1787,2020-11-23,Solano,95,1
1788,2020-11-23,Sonoma,97,1
1789,2020-11-23,Stanislaus,99,1
1790,2020-11-23,Sutter,101,1
1791,2020-11-23,Tehama,103,1
1792,2020-11-23,Trinity,105,1
1793,2020-11-23,Tulare,107,1
1794,2020-11-23,Tuolumne,109,1
1795,2020-11-23,Ventura,111,1
1796,2020-11-23,Yolo,113,1
1797,2020-11-23,Yuba,115,1
1798,2020-11-16,Alameda,1,1
1799,2020-11-16,Alpine,3,4
1800,2020-11-16,Amador,5,2
1801,2020-11-16,Butte,7,1
1802,2020-11-16,Calaveras,9,3
1803,2020-11-16,Colusa,11,2
1804,2020-11-16,Contra Costa,13,1
1805,2020-11-16,Del Norte,15,2
1806,2020-11-16,El Dorado,17,1
1807,2020-11-16,Fresno,19,1
1808,2020-11-16,Glenn,21,1
1809,2020-11-16,Humboldt,23,2
1810,2020-11-16,Imperial,25,1
1811,2020-11-16,Inyo,27,3
1812,2020-11-16,Kern,29,1
1813,2020-11-16,Kings,31,1
1814,2020-11-16,Lake,33,2
1815,2020-11-16,Lassen,35,3
1816,2020-11-16,Los Angeles,37,1
1817,2020-11-16,Madera,39,1
1818,2020-11-16,Marin,41,2
1819,2020-11-16,Mariposa,43,4
1820,2020-11-16,Mendocino,45,1
1821,2020-11-16,Merced,47,1
1822,2020-11-16,Modoc,49,2
1823,2020-11-16,Mono,51,2
1824,2020-11-16,Monterey,53,1
1825,2020-11-16,Napa,55,1
1826,2020-11-16,Nevada,57,1
1827,2020-11-16,Orange,59,1
1828,2020-11-16,Placer,61,1
1829,2020-11-16,Plumas,63,2
1830,2020-11-16,Riverside,65,1
1831,2020-11-16,Sacramento,67,1
1832,2020-11-16,San Benito,69,1
1833,2020-11-16,San Bernardino,71,1
1834,2020-11-16,San Diego,73,1
1835,2020-11-16,San Francisco,75,2
1836,2020-11-16,San Joaquin,77,1
1837,2020-11-16,San Luis Obispo,79,1
1838,2020-11-16,San Mateo,81,2
1839,2020-11-16,Santa Barbara,83,1
1840,2020-11-16,Santa Clara,85,1
1841,2020-11-16,Santa Cruz,87,1
1842,2020-11-16,Shasta,89,1
1843,2020-11-16,Sierra,91,3
1844,2020-11-16,Siskiyou,93,1
1845,2020-11-16,Solano,95,1
1846,2020-11-16,Sonoma,97,1
1847,2020-11-16,Stanislaus,99,1
1848,2020-11-16,Sutter,101,1
1849,2020-11-16,Tehama,103,1
1850,2020-11-16,Trinity,105,1
1851,2020-11-16,Tulare,107,1
1852,2020-11-16,Tuolumne,109,1
1853,2020-11-16,Ventura,111,1
1854,2020-11-16,Yolo,113,1
1855,2020-11-16,Yuba,115,1
1856,2020-11-09,Alameda,1,3
1857,2020-11-09,Alpine,3,4
1858,2020-11-09,Amador,5,3
1859,2020-11-09,Butte,7,3
1860,2020-11-09,Calaveras,9,4
1861,2020-11-09,Colusa,11,3
1862,2020-11-09,Contra Costa,13,3
1863,2020-11-09,Del Norte,15,3
1864,2020-11-09,El Dorado,17,3
1865,2020-11-09,Fresno,19,2
1866,2020-11-09,Glenn,21,2
1867,2020-11-09,Humboldt,23,4
1868,2020-11-09,Imperial,25,1
1869,2020-11-09,Inyo,27,3
1870,2020-11-09,Kern,29,2
1871,2020-11-09,Kings,31,2
1872,2020-11-09,Lake,33,2
1873,2020-11-09,Lassen,35,3
1874,2020-11-09,Los Angeles,37,1
1875,2020-11-09,Madera,39,1
1876,2020-11-09,Marin,41,3
1877,2020-11-09,Mariposa,43,4
1878,2020-11-09,Mendocino,45,2
1879,2020-11-09,Merced,47,2
1880,2020-11-09,Modoc,49,4
1881,2020-11-09,Mono,51,3
1882,2020-11-09,Monterey,53,1
1883,2020-11-09,Napa,55,3
1884,2020-11-09,Nevada,57,3
1885,2020-11-09,Orange,59,2
1886,2020-11-09,Placer,61,3
1887,2020-11-09,Plumas,63,3
1888,2020-11-09,Riverside,65,1
1889,2020-11-09,Sacramento,67,2
1890,2020-11-09,San Benito,69,2
1891,2020-11-09,San Bernardino,71,1
1892,2020-11-09,San Diego,73,2
1893,2020-11-09,San Francisco,75,4
1894,2020-11-09,San Joaquin,77,2
1895,2020-11-09,San Luis Obispo,79,2
1896,2020-11-09,San Mateo,81,3
1897,2020-11-09,Santa Barbara,83,2
1898,2020-11-09,Santa Clara,85,3
1899,2020-11-09,Santa Cruz,87,3
1900,2020-11-09,Shasta,89,1
1901,2020-11-09,Sierra,91,4
1902,2020-11-09,Siskiyou,93,4
1903,2020-11-09,Solano,95,2
1904,2020-11-09,Sonoma,97,1
1905,2020-11-09,Stanislaus,99,2
1906,2020-11-09,Sutter,101,2
1907,2020-11-09,Tehama,103,1
1908,2020-11-09,Trinity,105,4
1909,2020-11-09,Tulare,107,1
1910,2020-11-09,Tuolumne,109,3
1911,2020-11-09,Ventura,111,2
1912,2020-11-09,Yolo,113,2
1913,2020-11-09,Yuba,115,2
1914,2020-11-02,Alameda,1,3
1915,2020-11-02,Alpine,3,4
1916,2020-11-02,Amador,5,3
1917,2020-11-02,Butte,7,3
1918,2020-11-02,Calaveras,9,4
1919,2020-11-02,Colusa,11,2
1920,2020-11-02,Contra Costa,13,3
1921,2020-11-02,Del Norte,15,3
1922,2020-11-02,El Dorado,17,3
1923,2020-11-02,Fresno,19,2
1924,2020-11-02,Glenn,21,2
1925,2020-11-02,Humboldt,23,4
1926,2020-11-02,Imperial,25,1
1927,2020-11-02,Inyo,27,3
1928,2020-11-02,Kern,29,2
1929,2020-11-02,Kings,31,2
1930,2020-11-02,Lake,33,2
1931,2020-11-02,Lassen,35,3
1932,2020-11-02,Los Angeles,37,1
1933,2020-11-02,Madera,39,1
1934,2020-11-02,Marin,41,3
1935,2020-11-02,Mariposa,43,4
1936,2020-11-02,Mendocino,45,2
1937,2020-11-02,Merced,47,2
1938,2020-11-02,Modoc,49,4
1939,2020-11-02,Mono,51,3
1940,2020-11-02,Monterey,53,1
1941,2020-11-02,Napa,55,3
1942,2020-11-02,Nevada,57,3
1943,2020-11-02,Orange,59,2
1944,2020-11-02,Placer,61,3
1945,2020-11-02,Plumas,63,4
1946,2020-11-02,Riverside,65,1
1947,2020-11-02,Sacramento,67,2
1948,2020-11-02,San Benito,69,2
1949,2020-11-02,San Bernardino,71,1
1950,2020-11-02,San Diego,73,2
1951,2020-11-02,San Francisco,75,4
1952,2020-11-02,San Joaquin,77,2
1953,2020-11-02,San Luis Obispo,79,2
1954,2020-11-02,San Mateo,81,3
1955,2020-11-02,Santa Barbara,83,2
1956,2020-11-02,Santa Clara,85,3
1957,2020-11-02,Santa Cruz,87,3
1958,2020-11-02,Shasta,89,2
1959,2020-11-02,Sierra,91,4
1960,2020-11-02,Siskiyou,93,4
1961,2020-11-02,Solano,95,2
1962,2020-11-02,Sonoma,97,1
1963,2020-11-02,Stanislaus,99,2
1964,2020-11-02,Sutter,101,2
1965,2020-11-02,Tehama,103,1
1966,2020-11-02,Trinity,105,4
1967,2020-11-02,Tulare,107,1
1968,2020-11-02,Tuolumne,109,3
1969,2020-11-02,Ventura,111,2
1970,2020-11-02,Yolo,113,2
1971,2020-11-02,Yuba,115,2
1972,2020-10-26,Alameda,1,3
1973,2020-10-26,Alpine,3,4
1974,2020-10-26,Amador,5,3
1975,2020-10-26,Butte,7,3
1976,2020-10-26,Calaveras,9,3
1977,2020-10-26,Colusa,11,2
1978,2020-10-26,Contra Costa,13,2
1979,2020-10-26,Del Norte,15,3
1980,2020-10-26,El Dorado,17,3
1981,2020-10-26,Fresno,19,2
1982,2020-10-26,Glenn,21,1
1983,2020-10-26,Humboldt,23,4
1984,2020-10-26,Imperial,25,1
1985,2020-10-26,Inyo,27,3
1986,2020-10-26,Kern,29,2
1987,2020-10-26,Kings,31,2
1988,2020-10-26,Lake,33,2
1989,2020-10-26,Lassen,35,3
1990,2020-10-26,Los Angeles,37,1
1991,2020-10-26,Madera,39,1
1992,2020-10-26,Marin,41,2
1993,2020-10-26,Mariposa,43,4
1994,2020-10-26,Mendocino,45,1
1995,2020-10-26,Merced,47,2
1996,2020-10-26,Modoc,49,4
1997,2020-10-26,Mono,51,3
1998,2020-10-26,Monterey,53,1
1999,2020-10-26,Napa,55,3
2000,2020-10-26,Nevada,57,3
2001,2020-10-26,Orange,59,2
2002,2020-10-26,Placer,61,3
2003,2020-10-26,Plumas,63,4
2004,2020-10-26,Riverside,65,1
2005,2020-10-26,Sacramento,67,2
2006,2020-10-26,San Benito,69,2
2007,2020-10-26,San Bernardino,71,1
2008,2020-10-26,San Diego,73,2
2009,2020-10-26,San Francisco,75,4
2010,2020-10-26,San Joaquin,77,2
2011,2020-10-26,San Luis Obispo,79,2
2012,2020-10-26,San Mateo,81,2
2013,2020-10-26,Santa Barbara,83,2
2014,2020-10-26,Santa Clara,85,3
2015,2020-10-26,Santa Cruz,87,2
2016,2020-10-26,Shasta,89,1
2017,2020-10-26,Sierra,91,4
2018,2020-10-26,Siskiyou,93,4
2019,2020-10-26,Solano,95,2
2020,2020-10-26,Sonoma,97,1
2021,2020-10-26,Stanislaus,99,2
2022,2020-10-26,Sutter,101,2
2023,2020-10-26,Tehama,103,1
2024,2020-10-26,Trinity,105,4
2025,2020-10-26,Tulare,107,1
2026,2020-10-26,Tuolumne,109,3
2027,2020-10-26,Ventura,111,2
2028,2020-10-26,Yolo,113,2
2029,2020-10-26,Yuba,115,2
2030,2020-10-19,Alameda,1,3
2031,2020-10-19,Alpine,3,4
2032,2020-10-19,Amador,5,3
2033,2020-10-19,Butte,7,2
2034,2020-10-19,Calaveras,9,3
2035,2020-10-19,Colusa,11,2
2036,2020-10-19,Contra Costa,13,2
2037,2020-10-19,Del Norte,15,3
2038,2020-10-19,El Dorado,17,3
2039,2020-10-19,Fresno,19,2
2040,2020-10-19,Glenn,21,1
2041,2020-10-19,Humboldt,23,4
2042,2020-10-19,Imperial,25,1
2043,2020-10-19,Inyo,27,3
2044,2020-10-19,Kern,29,2
2045,2020-10-19,Kings,31,2
2046,2020-10-19,Lake,33,2
2047,2020-10-19,Lassen,35,3
2048,2020-10-19,Los Angeles,37,1
2049,2020-10-19,Madera,39,1
2050,2020-10-19,Marin,41,2
2051,2020-10-19,Mariposa,43,4
2052,2020-10-19,Mendocino,45,1
2053,2020-10-19,Merced,47,2
2054,2020-10-19,Modoc,49,4
2055,2020-10-19,Mono,51,3
2056,2020-10-19,Monterey,53,1
2057,2020-10-19,Napa,55,2
2058,2020-10-19,Nevada,57,3
2059,2020-10-19,Orange,59,2
2060,2020-10-19,Placer,61,3
2061,2020-10-19,Plumas,63,4
2062,2020-10-19,Riverside,65,2
2063,2020-10-19,Sacramento,67,2
2064,2020-10-19,San Benito,69,2
2065,2020-10-19,San Bernardino,71,1
2066,2020-10-19,San Diego,73,2
2067,2020-10-19,San Francisco,75,3
2068,2020-10-19,San Joaquin,77,2
2069,2020-10-19,San Luis Obispo,79,2
2070,2020-10-19,San Mateo,81,2
2071,2020-10-19,Santa Barbara,83,2
2072,2020-10-19,Santa Clara,85,3
2073,2020-10-19,Santa Cruz,87,2
2074,2020-10-19,Shasta,89,2
2075,2020-10-19,Sierra,91,4
2076,2020-10-19,Siskiyou,93,4
2077,2020-10-19,Solano,95,2
2078,2020-10-19,Sonoma,97,1
2079,2020-10-19,Stanislaus,99,2
2080,2020-10-19,Sutter,101,2
2081,2020-10-19,Tehama,103,1
2082,2020-10-19,Trinity,105,4
2083,2020-10-19,Tulare,107,1
2084,2020-10-19,Tuolumne,109,3
2085,2020-10-19,Ventura,111,2
2086,2020-10-19,Yolo,113,2
2087,2020-10-19,Yuba,115,2
2088,2020-10-12,Alameda,1,2
2089,2020-10-12,Alpine,3,4
2090,2020-10-12,Amador,5,3
2091,2020-10-12,Butte,7,2
2092,2020-10-12,Calaveras,9,3
2093,2020-10-12,Colusa,11,1
2094,2020-10-12,Contra Costa,13,2
2095,2020-10-12,Del Norte,15,3
2096,2020-10-12,El Dorado,17,3
2097,2020-10-12,Fresno,19,2
2098,2020-10-12,Glenn,21,1
2099,2020-10-12,Humboldt,23,4
2100,2020-10-12,Imperial,25,1
2101,2020-10-12,Inyo,27,3
2102,2020-10-12,Kern,29,1
2103,2020-10-12,Kings,31,1
2104,2020-10-12,Lake,33,2
2105,2020-10-12,Lassen,35,3
2106,2020-10-12,Los Angeles,37,1
2107,2020-10-12,Madera,39,1
2108,2020-10-12,Marin,41,2
2109,2020-10-12,Mariposa,43,4
2110,2020-10-12,Mendocino,45,1
2111,2020-10-12,Merced,47,2
2112,2020-10-12,Modoc,49,4
2113,2020-10-12,Mono,51,3
2114,2020-10-12,Monterey,53,1
2115,2020-10-12,Napa,55,2
2116,2020-10-12,Nevada,57,3
2117,2020-10-12,Orange,59,2
2118,2020-10-12,Placer,61,2
2119,2020-10-12,Plumas,63,4
2120,2020-10-12,Riverside,65,2
2121,2020-10-12,Sacramento,67,2
2122,2020-10-12,San Benito,69,1
2123,2020-10-12,San Bernardino,71,1
2124,2020-10-12,San Diego,73,2
2125,2020-10-12,San Francisco,75,3
2126,2020-10-12,San Joaquin,77,2
2127,2020-10-12,San Luis Obispo,79,2
2128,2020-10-12,San Mateo,81,2
2129,2020-10-12,Santa Barbara,83,2
2130,2020-10-12,Santa Clara,85,2
2131,2020-10-12,Santa Cruz,87,2
2132,2020-10-12,Shasta,89,2
2133,2020-10-12,Sierra,91,3
2134,2020-10-12,Siskiyou,93,4
2135,2020-10-12,Solano,95,2
2136,2020-10-12,Sonoma,97,1
2137,2020-10-12,Stanislaus,99,1
2138,2020-10-12,Sutter,101,1
2139,2020-10-12,Tehama,103,1
2140,2020-10-12,Trinity,105,4
2141,2020-10-12,Tulare,107,1
2142,2020-10-12,Tuolumne,109,3
2143,2020-10-12,Ventura,111,2
2144,2020-10-12,Yolo,113,2
2145,2020-10-12,Yuba,115,2
2146,2020-10-05,Alameda,1,2
2147,2020-10-05,Alpine,3,4
2148,2020-10-05,Amador,5,3
2149,2020-10-05,Butte,7,2
2150,2020-10-05,Calaveras,9,3
2151,2020-10-05,Colusa,11,1
2152,2020-10-05,Contra Costa,13,2
2153,2020-10-05,Del Norte,15,3
2154,2020-10-05,El Dorado,17,3
2155,2020-10-05,Fresno,19,2
2156,2020-10-05,Glenn,21,1
2157,2020-10-05,Humboldt,23,3
2158,2020-10-05,Imperial,25,1
2159,2020-10-05,Inyo,27,2
2160,2020-10-05,Kern,29,1
2161,2020-10-05,Kings,31,1
2162,2020-10-05,Lake,33,2
2163,2020-10-05,Lassen,35,3
2164,2020-10-05,Los Angeles,37,1
2165,2020-10-05,Madera,39,1
2166,2020-10-05,Marin,41,2
2167,2020-10-05,Mariposa,43,4
2168,2020-10-05,Mendocino,45,1
2169,2020-10-05,Merced,47,1
2170,2020-10-05,Modoc,49,4
2171,2020-10-05,Mono,51,3
2172,2020-10-05,Monterey,53,1
2173,2020-10-05,Napa,55,2
2174,2020-10-05,Nevada,57,3
2175,2020-10-05,Orange,59,2
2176,2020-10-05,Placer,61,2
2177,2020-10-05,Plumas,63,3
2178,2020-10-05,Riverside,65,2
2179,2020-10-05,Sacramento,67,2
2180,2020-10-05,San Benito,69,1
2181,2020-10-05,San Bernardino,71,1
2182,2020-10-05,San Diego,73,2
2183,2020-10-05,San Francisco,75,3
2184,2020-10-05,San Joaquin,77,2
2185,2020-10-05,San Luis Obispo,79,2
2186,2020-10-05,San Mateo,81,2
2187,2020-10-05,Santa Barbara,83,2
2188,2020-10-05,Santa Clara,85,2
2189,2020-10-05,Santa Cruz,87,2
2190,2020-10-05,Shasta,89,3
2191,2020-10-05,Sierra,91,3
2192,2020-10-05,Siskiyou,93,3
2193,2020-10-05,Solano,95,2
2194,2020-10-05,Sonoma,97,1
2195,2020-10-05,Stanislaus,99,1
2196,2020-10-05,Sutter,101,1
2197,2020-10-05,Tehama,103,2
2198,2020-10-05,Trinity,105,3
2199,2020-10-05,Tulare,107,1
2200,2020-10-05,Tuolumne,109,3
2201,2020-10-05,Ventura,111,1
2202,2020-10-05,Yolo,113,2
2203,2020-10-05,Yuba,115,1
2204,2020-09-28,Alameda,1,2
2205,2020-09-28,Alpine,3,4
2206,2020-09-28,Amador,5,2
2207,2020-09-28,Butte,7,1
2208,2020-09-28,Calaveras,9,2
2209,2020-09-28,Colusa,11,1
2210,2020-09-28,Contra Costa,13,1
2211,2020-09-28,Del Norte,15,3
2212,2020-09-28,El Dorado,17,3
2213,2020-09-28,Fresno,19,1
2214,2020-09-28,Glenn,21,1
2215,2020-09-28,Humboldt,23,3
2216,2020-09-28,Imperial,25,1
2217,2020-09-28,Inyo,27,2
2218,2020-09-28,Kern,29,1
2219,2020-09-28,Kings,31,1
2220,2020-09-28,Lake,33,2
2221,2020-09-28,Lassen,35,3
2222,2020-09-28,Los Angeles,37,1
2223,2020-09-28,Madera,39,1
2224,2020-09-28,Marin,41,2
2225,2020-09-28,Mariposa,43,4
2226,2020-09-28,Mendocino,45,1
2227,2020-09-28,Merced,47,1
2228,2020-09-28,Modoc,49,4
2229,2020-09-28,Mono,51,3
2230,2020-09-28,Monterey,53,1
2231,2020-09-28,Napa,55,2
2232,2020-09-28,Nevada,57,3
2233,2020-09-28,Orange,59,2
2234,2020-09-28,Placer,61,2
2235,2020-09-28,Plumas,63,3
2236,2020-09-28,Riverside,65,2
2237,2020-09-28,Sacramento,67,1
2238,2020-09-28,San Benito,69,1
2239,2020-09-28,San Bernardino,71,1
2240,2020-09-28,San Diego,73,2
2241,2020-09-28,San Francisco,75,2
2242,2020-09-28,San Joaquin,77,1
2243,2020-09-28,San Luis Obispo,79,2
2244,2020-09-28,San Mateo,81,2
2245,2020-09-28,Santa Barbara,83,1
2246,2020-09-28,Santa Clara,85,2
2247,2020-09-28,Santa Cruz,87,2
2248,2020-09-28,Shasta,89,3
2249,2020-09-28,Sierra,91,3
2250,2020-09-28,Siskiyou,93,3
2251,2020-09-28,Solano,95,2
2252,2020-09-28,Sonoma,97,1
2253,2020-09-28,Stanislaus,99,1
2254,2020-09-28,Sutter,101,1
2255,2020-09-28,Tehama,103,2
2256,2020-09-28,Trinity,105,3
2257,2020-09-28,Tulare,107,1
2258,2020-09-28,Tuolumne,109,3
2259,2020-09-28,Ventura,111,1
2260,2020-09-28,Yolo,113,1
2261,2020-09-28,Yuba,115,1
2262,2020-09-21,Alameda,1,1
2263,2020-09-21,Alpine,3,4
2264,2020-09-21,Amador,5,2
2265,2020-09-21,Butte,7,1
2266,2020-09-21,Calaveras,9,2
2267,2020-09-21,Colusa,11,1
2268,2020-09-21,Contra Costa,13,1
2269,2020-09-21,Del Norte,15,3
2270,2020-09-21,El Dorado,17,2
2271,2020-09-21,Fresno,19,1
2272,2020-09-21,Glenn,21,1
2273,2020-09-21,Humboldt,23,3
2274,2020-09-21,Imperial,25,1
2275,2020-09-21,Inyo,27,2
2276,2020-09-21,Kern,29,1
2277,2020-09-21,Kings,31,1
2278,2020-09-21,Lake,33,2
2279,2020-09-21,Lassen,35,2
2280,2020-09-21,Los Angeles,37,1
2281,2020-09-21,Madera,39,1
2282,2020-09-21,Marin,41,2
2283,2020-09-21,Mariposa,43,3
2284,2020-09-21,Mendocino,45,1
2285,2020-09-21,Merced,47,1
2286,2020-09-21,Modoc,49,4
2287,2020-09-21,Mono,51,3
2288,2020-09-21,Monterey,53,1
2289,2020-09-21,Napa,55,2
2290,2020-09-21,Nevada,57,2
2291,2020-09-21,Orange,59,2
2292,2020-09-21,Placer,61,2
2293,2020-09-21,Plumas,63,3
2294,2020-09-21,Riverside,65,1
2295,2020-09-21,Sacramento,67,1
2296,2020-09-21,San Benito,69,1
2297,2020-09-21,San Bernardino,71,1
2298,2020-09-21,San Diego,73,2
2299,2020-09-21,San Francisco,75,2
2300,2020-09-21,San Joaquin,77,1
2301,2020-09-21,San Luis Obispo,79,1
2302,2020-09-21,San Mateo,81,1
2303,2020-09-21,Santa Barbara,83,1
2304,2020-09-21,Santa Clara,85,2
2305,2020-09-21,Santa Cruz,87,2
2306,2020-09-21,Shasta,89,3
2307,2020-09-21,Sierra,91,2
2308,2020-09-21,Siskiyou,93,3
2309,2020-09-21,Solano,95,1
2310,2020-09-21,Sonoma,97,1
2311,2020-09-21,Stanislaus,99,1
2312,2020-09-21,Sutter,101,1
2313,2020-09-21,Tehama,103,2
2314,2020-09-21,Trinity,105,3
2315,2020-09-21,Tulare,107,1
2316,2020-09-21,Tuolumne,109,3
2317,2020-09-21,Ventura,111,1
2318,2020-09-21,Yolo,113,1
2319,2020-09-21,Yuba,115,1
2320,2020-09-14,Alameda,1,1
2321,2020-09-14,Alpine,3,4
2322,2020-09-14,Amador,5,2
2323,2020-09-14,Butte,7,1
2324,2020-09-14,Calaveras,9,2
2325,2020-09-14,Colusa,11,1
2326,2020-09-14,Contra Costa,13,1
2327,2020-09-14,Del Norte,15,3
2328,2020-09-14,El Dorado,17,2
2329,2020-09-14,Fresno,19,1
2330,2020-09-14,Glenn,21,1
2331,2020-09-14,Humboldt,23,3
2332,2020-09-14,Imperial,25,1
2333,2020-09-14,Inyo,27,1
2334,2020-09-14,Kern,29,1
2335,2020-09-14,Kings,31,1
2336,2020-09-14,Lake,33,2
2337,2020-09-14,Lassen,35,2
2338,2020-09-14,Los Angeles,37,1
2339,2020-09-14,Madera,39,1
2340,2020-09-14,Marin,41,1
2341,2020-09-14,Mariposa,43,3
2342,2020-09-14,Mendocino,45,1
2343,2020-09-14,Merced,47,1
2344,2020-09-14,Modoc,49,4
2345,2020-09-14,Mono,51,3
2346,2020-09-14,Monterey,53,1
2347,2020-09-14,Napa,55,2
2348,2020-09-14,Nevada,57,2
2349,2020-09-14,Orange,59,2
2350,2020-09-14,Placer,61,2
2351,2020-09-14,Plumas,63,3
2352,2020-09-14,Riverside,65,1
2353,2020-09-14,Sacramento,67,1
2354,2020-09-14,San Benito,69,1
2355,2020-09-14,San Bernardino,71,1
2356,2020-09-14,San Diego,73,2
2357,2020-09-14,San Francisco,75,2
2358,2020-09-14,San Joaquin,77,1
2359,2020-09-14,San Luis Obispo,79,1
2360,2020-09-14,San Mateo,81,1
2361,2020-09-14,Santa Barbara,83,1
2362,2020-09-14,Santa Clara,85,2
2363,2020-09-14,Santa Cruz,87,2
2364,2020-09-14,Shasta,89,3
2365,2020-09-14,Sierra,91,2
2366,2020-09-14,Siskiyou,93,3
2367,2020-09-14,Solano,95,1
2368,2020-09-14,Sonoma,97,1
2369,2020-09-14,Stanislaus,99,1
2370,2020-09-14,Sutter,101,1
2371,2020-09-14,Tehama,103,1
2372,2020-09-14,Trinity,105,3
2373,2020-09-14,Tulare,107,1
2374,2020-09-14,Tuolumne,109,3
2375,2020-09-14,Ventura,111,1
2376,2020-09-14,Yolo,113,1
2377,2020-09-14,Yuba,115,1
2378,2020-09-07,Alameda,1,1
2379,2020-09-07,Alpine,3,4
2380,2020-09-07,Amador,5,1
2381,2020-09-07,Butte,7,1
2382,2020-09-07,Calaveras,9,2
2383,2020-09-07,Colusa,11,1
2384,2020-09-07,Contra Costa,13,1
2385,2020-09-07,Del Norte,15,3
2386,2020-09-07,El Dorado,17,2
2387,2020-09-07,Fresno,19,1
2388,2020-09-07,Glenn,21,1
2389,2020-09-07,Humboldt,23,3
2390,2020-09-07,Imperial,25,1
2391,2020-09-07,Inyo,27,1
2392,2020-09-07,Kern,29,1
2393,2020-09-07,Kings,31,1
2394,2020-09-07,Lake,33,2
2395,2020-09-07,Lassen,35,2
2396,2020-09-07,Los Angeles,37,1
2397,2020-09-07,Madera,39,1
2398,2020-09-07,Marin,41,1
2399,2020-09-07,Mariposa,43,3
2400,2020-09-07,Mendocino,45,1
2401,2020-09-07,Merced,47,1
2402,2020-09-07,Modoc,49,4
2403,2020-09-07,Mono,51,3
2404,2020-09-07,Monterey,53,1
2405,2020-09-07,Napa,55,2
2406,2020-09-07,Nevada,57,2
2407,2020-09-07,Orange,59,1
2408,2020-09-07,Placer,61,1
2409,2020-09-07,Plumas,63,3
2410,2020-09-07,Riverside,65,1
2411,2020-09-07,Sacramento,67,1
2412,2020-09-07,San Benito,69,1
2413,2020-09-07,San Bernardino,71,1
2414,2020-09-07,San Diego,73,2
2415,2020-09-07,San Francisco,75,2
2416,2020-09-07,San Joaquin,77,1
2417,2020-09-07,San Luis Obispo,79,1
2418,2020-09-07,San Mateo,81,1
2419,2020-09-07,Santa Barbara,83,1
2420,2020-09-07,Santa Clara,85,1
2421,2020-09-07,Santa Cruz,87,1
2422,2020-09-07,Shasta,89,3
2423,2020-09-07,Sierra,91,2
2424,2020-09-07,Siskiyou,93,3
2425,2020-09-07,Solano,95,1
2426,2020-09-07,Sonoma,97,1
2427,2020-09-07,Stanislaus,99,1
2428,2020-09-07,Sutter,101,1
2429,2020-09-07,Tehama,103,1
2430,2020-09-07,Trinity,105,3
2431,2020-09-07,Tulare,107,1
2432,2020-09-07,Tuolumne,109,3
2433,2020-09-07,Ventura,111,1
2434,2020-09-07,Yolo,113,1
2435,2020-09-07,Yuba,115,1
2436,2020-08-31,Alameda,1,1
2437,2020-08-31,Alpine,3,4
2438,2020-08-31,Amador,5,1
2439,2020-08-31,Butte,7,1
2440,2020-08-31,Calaveras,9,2
2441,2020-08-31,Colusa,11,1
2442,2020-08-31,Contra Costa,13,1
2443,2020-08-31,Del Norte,15,3
2444,2020-08-31,El Dorado,17,2
2445,2020-08-31,Fresno,19,1
2446,2020-08-31,Glenn,21,1
2447,2020-08-31,Humboldt,23,3
2448,2020-08-31,Imperial,25,1
2449,2020-08-31,Inyo,27,1
2450,2020-08-31,Kern,29,1
2451,2020-08-31,Kings,31,1
2452,2020-08-31,Lake,33,2
2453,2020-08-31,Lassen,35,2
2454,2020-08-31,Los Angeles,37,1
2455,2020-08-31,Madera,39,1
2456,2020-08-31,Marin,41,1
2457,2020-08-31,Mariposa,43,3
2458,2020-08-31,Mendocino,45,1
2459,2020-08-31,Merced,47,1
2460,2020-08-31,Modoc,49,4
2461,2020-08-31,Mono,51,3
2462,2020-08-31,Monterey,53,1
2463,2020-08-31,Napa,55,2
2464,2020-08-31,Nevada,57,2
2465,2020-08-31,Orange,59,1
2466,2020-08-31,Placer,61,1
2467,2020-08-31,Plumas,63,3
2468,2020-08-31,Riverside,65,1
2469,2020-08-31,Sacramento,67,1
2470,2020-08-31,San Benito,69,1
2471,2020-08-31,San Bernardino,71,1
2472,2020-08-31,San Diego,73,2
2473,2020-08-31,San Francisco,75,2
2474,2020-08-31,San Joaquin,77,1
2475,2020-08-31,San Luis Obispo,79,1
2476,2020-08-31,San Mateo,81,1
2477,2020-08-31,Santa Barbara,83,1
2478,2020-08-31,Santa Clara,85,1
2479,2020-08-31,Santa Cruz,87,1
2480,2020-08-31,Shasta,89,3
2481,2020-08-31,Sierra,91,2
2482,2020-08-31,Siskiyou,93,3
2483,2020-08-31,Solano,95,1
2484,2020-08-31,Sonoma,97,1
2485,2020-08-31,Stanislaus,99,1
2486,2020-08-31,Sutter,101,1
2487,2020-08-31,Tehama,103,1
2488,2020-08-31,Trinity,105,3
2489,2020-08-31,Tulare,107,1
2490,2020-08-31,Tuolumne,109,3
2491,2020-08-31,Ventura,111,1
2492,2020-08-31,Yolo,113,1
2493,2020-08-31,Yuba,115,1
