"Time","wht_new_cases","blk_new_cases","ltn_new_cases","asn_new_cases","ntv_new_cases","mlt_new_cases","pcf_new_cases","tier_status","tier_decrease","tier_increase","haug_npi_type","haug_npi_type_sub","haug_npi_type_subsub","haug_npi_any_onset","ltn_epiestimR","pcf_epiestimR","mlt_epiestimR","blk_epiestimR","asn_epiestimR","wht_epiestimR","ntv_epiestimR"
2020-01-29,NA,NA,NA,NA,NA,NA,NA,5,0,0,NA,NA,NA,NA,NA,NA,NA,NA,NA,NA,NA
2020-01-30,NA,NA,NA,NA,NA,NA,NA,5,0,0,NA,NA,NA,NA,NA,NA,NA,NA,NA,NA,NA
2020-01-31,NA,NA,NA,NA,NA,NA,NA,5,0,0,NA,NA,NA,NA,NA,NA,NA,NA,NA,NA,NA
2020-02-01,NA,NA,NA,NA,NA,NA,NA,5,0,0,NA,NA,NA,NA,NA,NA,NA,NA,NA,NA,NA
2020-02-02,NA,NA,NA,NA,NA,NA,NA,5,0,0,NA,NA,NA,NA,NA,NA,NA,NA,NA,NA,NA
2020-02-03,NA,NA,NA,NA,NA,NA,NA,5,0,0,NA,NA,NA,NA,NA,NA,NA,NA,NA,NA,NA
2020-02-04,NA,NA,NA,NA,NA,NA,NA,5,0,0,NA,NA,NA,NA,NA,NA,NA,NA,NA,NA,NA
2020-02-05,NA,NA,NA,NA,NA,NA,NA,5,0,0,NA,NA,NA,NA,NA,NA,NA,NA,NA,NA,NA
2020-02-06,NA,NA,NA,NA,NA,NA,NA,5,0,0,NA,NA,NA,NA,NA,NA,NA,NA,NA,NA,NA
2020-02-07,NA,NA,NA,NA,NA,NA,NA,5,0,0,NA,NA,NA,NA,NA,NA,NA,NA,NA,NA,NA
2020-02-08,NA,NA,NA,NA,NA,NA,NA,5,0,0,NA,NA,NA,NA,NA,NA,NA,NA,NA,NA,NA
2020-02-09,NA,NA,NA,NA,NA,NA,NA,5,0,0,NA,NA,NA,NA,NA,NA,NA,NA,NA,NA,NA
2020-02-10,NA,NA,NA,NA,NA,NA,NA,5,0,0,NA,NA,NA,NA,NA,NA,NA,NA,NA,NA,NA
2020-02-11,NA,NA,NA,NA,NA,NA,NA,5,0,0,NA,NA,NA,NA,NA,NA,NA,NA,NA,NA,NA
2020-02-12,NA,NA,NA,NA,NA,NA,NA,5,0,0,NA,NA,NA,NA,NA,NA,NA,NA,NA,NA,NA
2020-02-13,NA,NA,NA,NA,NA,NA,NA,5,0,0,NA,NA,NA,NA,NA,NA,NA,NA,NA,NA,NA
2020-02-14,NA,NA,NA,NA,NA,NA,NA,5,0,0,NA,NA,NA,NA,NA,NA,NA,NA,NA,NA,NA
2020-02-15,NA,NA,NA,NA,NA,NA,NA,5,0,0,NA,NA,NA,NA,NA,NA,NA,NA,NA,NA,NA
2020-02-16,NA,NA,NA,NA,NA,NA,NA,5,0,0,NA,NA,NA,NA,NA,NA,NA,NA,NA,NA,NA
2020-02-17,NA,NA,NA,NA,NA,NA,NA,5,0,0,NA,NA,NA,NA,NA,NA,NA,NA,NA,NA,NA
2020-02-18,NA,NA,NA,NA,NA,NA,NA,5,0,0,NA,NA,NA,NA,NA,NA,NA,NA,NA,NA,NA
2020-02-19,NA,NA,NA,NA,NA,NA,NA,5,0,0,NA,NA,NA,NA,NA,NA,NA,NA,NA,NA,NA
2020-02-20,NA,NA,NA,NA,NA,NA,NA,5,0,0,NA,NA,NA,NA,NA,NA,NA,NA,NA,NA,NA
2020-02-21,NA,NA,NA,NA,NA,NA,NA,5,0,0,NA,NA,NA,NA,NA,NA,NA,NA,NA,NA,NA
2020-02-22,NA,NA,NA,NA,NA,NA,NA,5,0,0,NA,NA,NA,NA,NA,NA,NA,NA,NA,NA,NA
2020-02-23,NA,NA,NA,NA,NA,NA,NA,5,0,0,NA,NA,NA,NA,NA,NA,NA,NA,NA,NA,NA
2020-02-24,NA,NA,NA,NA,NA,NA,NA,5,0,0,NA,NA,NA,NA,NA,NA,NA,NA,NA,NA,NA
2020-02-25,NA,NA,NA,NA,NA,NA,NA,5,0,0,NA,NA,NA,NA,NA,NA,NA,NA,NA,NA,NA
2020-02-26,NA,NA,NA,NA,NA,NA,NA,5,0,0,NA,NA,NA,NA,NA,NA,NA,NA,NA,NA,NA
2020-02-27,NA,NA,NA,NA,NA,NA,NA,5,0,0,"Risk communication","Educate and actively communicate with the public","Information campaign",1,NA,NA,NA,NA,NA,NA,NA
2020-02-28,NA,NA,NA,NA,NA,NA,NA,5,0,0,NA,NA,NA,NA,NA,NA,NA,NA,NA,NA,NA
2020-02-29,NA,NA,NA,NA,NA,NA,NA,5,0,0,NA,NA,NA,NA,NA,NA,NA,NA,NA,NA,NA
2020-03-01,NA,NA,NA,NA,NA,NA,NA,5,0,0,NA,NA,NA,NA,NA,NA,NA,NA,NA,NA,NA
2020-03-02,NA,NA,NA,NA,NA,NA,NA,5,0,0,NA,NA,NA,NA,NA,NA,NA,NA,NA,NA,NA
2020-03-03,NA,NA,NA,NA,NA,NA,NA,5,0,0,NA,NA,NA,NA,NA,NA,NA,NA,NA,NA,NA
2020-03-04,NA,NA,NA,15,NA,NA,NA,5,0,0,"Resource allocation","Activate or establish emergency response","Declare state of emergency",1,NA,NA,NA,NA,NA,NA,NA
2020-03-05,NA,NA,NA,15,NA,NA,NA,5,0,0,NA,NA,NA,NA,NA,NA,NA,NA,NA,NA,NA
2020-03-06,NA,NA,NA,15,NA,NA,NA,5,0,0,NA,NA,NA,NA,NA,NA,NA,NA,NA,NA,NA
2020-03-07,NA,NA,NA,15,NA,NA,NA,5,0,0,NA,NA,NA,NA,NA,NA,NA,NA,NA,NA,NA
2020-03-08,NA,NA,NA,15,NA,NA,NA,5,0,0,NA,NA,NA,NA,NA,NA,NA,NA,2.06375100733049,NA,NA
2020-03-09,NA,NA,NA,15,NA,NA,NA,5,0,0,NA,NA,NA,NA,NA,NA,NA,NA,1.54198289017186,NA,NA
2020-03-10,NA,NA,NA,15,NA,NA,NA,5,0,0,NA,NA,NA,NA,NA,NA,NA,NA,1.3026589607207,NA,NA
2020-03-11,40,NA,47,43,NA,NA,NA,5,0,0,"Social distancing","Mass gathering cancellation","Limit up to 250 persons",1,NA,NA,NA,NA,2.24529773223918,NA,NA
2020-03-12,40,NA,47,43,NA,NA,NA,5,0,0,NA,NA,NA,NA,NA,NA,NA,NA,3.03689641618736,NA,NA
2020-03-13,40,NA,47,43,NA,NA,NA,5,0,0,NA,NA,NA,NA,NA,NA,NA,NA,2.50323179518878,NA,NA
2020-03-14,40,NA,47,43,NA,NA,NA,5,0,0,NA,NA,NA,NA,NA,NA,NA,NA,1.9046107214889,NA,NA
2020-03-15,40,NA,47,43,NA,NA,NA,5,0,0,NA,NA,NA,NA,2.03688980031584,NA,NA,NA,1.51520456030674,2.03911174881852,NA
2020-03-16,40,NA,47,43,NA,NA,NA,5,0,0,"Risk communication","Educate and actively communicate with the public","Encourage stay at home",1,1.51840099379074,NA,NA,NA,1.29652941846509,1.52034754927362,NA
2020-03-17,40,NA,47,43,NA,NA,NA,5,0,0,"Resource allocation","Crisis management plans","Financial aid for health system",1,1.28138086032236,NA,NA,NA,1.17395613702097,1.28313554625921,NA
2020-03-18,62,NA,127,52,NA,NA,NA,5,0,0,"Resource allocation","Crisis management plans","Measures for special populations",1,2.13653383933191,NA,NA,NA,1.21827616927171,1.47693465528407,NA
2020-03-19,62,NA,127,52,NA,NA,NA,5,0,0,"Travel restriction","National lockdown","Stay-at-home Order",1,2.86137760429267,NA,NA,NA,1.27987100438723,1.6761644555856,NA
2020-03-20,62,NA,127,52,NA,NA,NA,5,0,0,"Risk communication","Educate and actively communicate with the public","Foster community assistance",1,2.38683543397381,NA,NA,NA,1.22773283437804,1.53938082900109,NA
2020-03-21,62,NA,127,52,NA,NA,NA,5,0,0,"Social distancing","Special measures for certain establishments","Prisons and youth detention centers",1,1.84506179949318,NA,NA,NA,1.16739770712536,1.37547253487027,NA
2020-03-22,62,NA,127,52,NA,NA,NA,5,0,0,"Resource allocation","Crisis management plans","Repurpose government plans",1,1.48392225331351,NA,NA,NA,1.11406749696084,1.24078771640123,NA
2020-03-23,62,NA,127,52,NA,NA,NA,5,0,0,NA,NA,NA,NA,1.27777698788377,NA,NA,NA,1.07506451291821,1.14973384452453,NA
2020-03-24,62,NA,127,52,NA,NA,NA,5,0,0,NA,NA,NA,NA,1.16112915348211,NA,NA,NA,1.0490059848119,1.09231676694071,NA
2020-03-25,106,NA,161,88,NA,NA,NA,5,0,0,"Social distancing","Special measures for certain establishments","Prisons and youth detention centers",1,1.24015509292666,NA,NA,NA,1.38642179558151,1.42929739135056,NA
2020-03-26,106,NA,161,88,NA,NA,NA,5,0,0,NA,NA,NA,NA,1.33176728808237,NA,NA,NA,1.70634883854577,1.74743891044251,NA
2020-03-27,106,NA,161,88,NA,NA,NA,5,0,0,"Resource allocation","Crisis management plans","State aid, taxation and social security",1,1.27158267937041,NA,NA,NA,1.59527541878118,1.62051438402061,NA
2020-03-28,106,NA,161,88,NA,NA,NA,5,0,0,"Healthcare and public health capacity","Increase in medical supplies and equipment","Ventilators",1,1.19759808073845,NA,NA,NA,1.42033541276769,1.43364161980289,NA
2020-03-29,106,NA,161,88,NA,NA,NA,5,0,0,"Risk communication","Educate and actively communicate with the public","Information campaign",1,1.13181288724735,NA,NA,NA,1.26891566159608,1.27544912463263,NA
2020-03-30,106,NA,161,88,NA,NA,NA,5,0,0,"Healthcare and public health capacity","Increase healthcare workforce","Mobilization of domestic resources for health",1,1.08403491898061,NA,NA,NA,1.16591895093129,1.1690073742465,NA
2020-03-31,106,NA,161,88,NA,NA,NA,5,0,0,"Risk communication","Educate and actively communicate with the public","Communication targets protection of vulnerable populations",1,1.0523449850728,NA,NA,NA,1.10111508235368,1.10243662910377,NA
2020-04-01,63,NA,139,71,NA,NA,NA,5,0,0,"Social distancing","Mass gathering cancellation","Implement e-learning",1,0.961993881559582,NA,NA,NA,0.959596773639959,0.847556683094657,NA
2020-04-02,63,NA,139,71,NA,NA,NA,5,0,0,"Resource allocation","Crisis management plans","Develop all-of-society and business continuity plans",1,0.882792649397623,NA,NA,NA,0.840815087885781,0.622386106926073,NA
2020-04-03,63,NA,139,71,NA,NA,NA,5,0,0,"Resource allocation","The government provide assistance to vulnerable populations","The government provides accommodations",1,0.887647960152192,NA,NA,NA,0.844658343633401,0.638043707668109,NA
2020-04-04,63,NA,139,71,NA,NA,NA,5,0,0,"Healthcare and public health capacity","Increase in medical supplies and equipment","Secure necessary medical equipment stocks and distribution",1,0.907132279503822,NA,NA,NA,0.869713076825503,0.686914614323147,NA
2020-04-05,63,NA,139,71,NA,NA,NA,5,0,0,NA,NA,NA,NA,0.931833166971031,NA,NA,NA,0.90321877671022,0.754212338372824,NA
2020-04-06,63,NA,139,71,NA,NA,NA,5,0,0,"Healthcare and public health capacity","Increase in medical supplies and equipment","Ventilators",1,0.954117004573065,NA,NA,NA,0.934424593400842,0.822551738148384,NA
2020-04-07,63,NA,139,71,NA,NA,NA,5,0,0,"Resource allocation","Measures to ensure security of supply","Fixing price for medical supplies",1,0.971238779318088,NA,NA,NA,0.958969486691406,0.881090257555806,NA
2020-04-08,86,13,134,107,NA,NA,NA,5,0,0,NA,NA,NA,NA,0.965562672122089,NA,NA,NA,1.22218203672464,1.09316089688121,NA
2020-04-09,86,13,134,107,NA,NA,NA,5,0,0,"Healthcare and public health capacity","Increase healthcare workforce","Incentives for healthcare workers",1,0.95595260842472,NA,NA,NA,1.47495295168347,1.29649084436114,NA
2020-04-10,86,13,134,107,NA,NA,NA,5,0,0,"Healthcare and public health capacity","Increase healthcare workforce","Train medical staff especially for covid-19",1,0.963820526177766,NA,NA,NA,1.42087130745875,1.28217350813069,NA
2020-04-11,86,13,134,107,NA,NA,NA,5,0,0,NA,NA,NA,NA,0.973146774996001,NA,NA,NA,1.31114136159675,1.22013921060748,NA
2020-04-12,86,13,134,107,NA,NA,NA,5,0,0,NA,NA,NA,NA,0.98210596113767,NA,NA,2.06975328981176,1.20608632321892,1.15186854840829,NA
2020-04-13,86,13,134,107,NA,NA,NA,5,0,0,"Resource allocation","The government provide assistance to vulnerable populations","Funds to expand support and services for vulnerable populations",1,0.989238720787934,NA,NA,1.54726731173974,1.13011422486193,1.09889582188904,NA
2020-04-14,86,13,134,107,NA,NA,NA,5,0,0,"Social distancing","Special measures for certain establishments","Decongestion of administrative institutions",1,0.994324926018011,NA,NA,1.3074333082037,1.08046614833963,1.06279029046559,NA
2020-04-15,26,13,110,57,NA,NA,NA,5,0,0,NA,NA,NA,NA,0.908690341632425,NA,NA,1.18420081902409,0.805387166523989,0.679070541492268,NA
2020-04-16,26,13,110,57,NA,NA,NA,5,0,0,"Resource allocation","Crisis management plans","State aid, taxation and social security",1,0.823505886810322,NA,NA,1.11707707566113,0.554977307791166,0.317295420780994,NA
2020-04-17,26,13,110,57,NA,NA,NA,5,0,0,"Resource allocation","Activate or establish emergency response","Risk management plan",1,0.838356004127162,NA,NA,1.07946502830218,0.573979102335354,0.336578194810851,NA
2020-04-18,26,13,110,57,NA,NA,NA,5,0,0,NA,NA,NA,NA,0.868241653712233,NA,NA,1.05814835216445,0.627485123713044,0.38922832065483,NA
2020-04-19,26,13,110,57,NA,NA,NA,5,0,0,NA,NA,NA,NA,0.903348784530257,NA,NA,1.04604417034354,0.702385505929068,0.472172384973543,NA
2020-04-20,26,13,110,57,NA,NA,NA,5,0,0,NA,NA,NA,NA,0.934686817282518,NA,NA,1.03919301860393,0.780969408098751,0.574786428972288,NA
2020-04-21,26,13,110,57,NA,NA,NA,5,0,0,"Risk communication","Educate and actively communicate with the public","Foster community assistance",1,0.958811915077884,NA,NA,1.03533718936816,0.850545653073045,0.682984581268924,NA
2020-04-22,27,13,86,34,NA,NA,NA,5,0,0,"Returning to normal life","Access to non-essential/critical healthcare services","Re-opening of medical and paramedical centers",1,0.869742205595371,NA,NA,1.03318161832876,0.723888160606328,0.796746594203456,NA
2020-04-23,27,13,86,34,NA,NA,NA,5,0,0,"Resource allocation","Crisis management plans","State aid, taxation and social security",1,0.774793356356945,NA,NA,1.03198481578976,0.56904034168564,0.893831735145358,NA
2020-04-24,27,13,86,34,NA,NA,NA,5,0,0,"Resource allocation","The government provide assistance to vulnerable populations","The government provides food assistance",1,0.796054694210308,NA,NA,1.03132471410642,0.606086320978697,0.950599765347315,NA
2020-04-25,27,13,86,34,NA,NA,NA,5,0,0,NA,NA,NA,NA,0.833642243195425,NA,NA,1.03096286622906,0.667071951988936,0.983586079565005,NA
2020-04-26,27,13,86,34,NA,NA,NA,5,0,0,NA,NA,NA,NA,0.877256819414691,NA,NA,1.0307656256219,0.742317805749547,1.00053023646533,NA
2020-04-27,27,13,86,34,NA,NA,NA,5,0,0,NA,NA,NA,NA,0.916517832614436,NA,NA,1.03065865862118,0.816457178613403,1.00863745286581,NA
2020-04-28,27,13,86,34,NA,NA,NA,5,0,0,NA,NA,NA,NA,0.947067691735658,NA,NA,1.03060091552281,0.879204929970493,1.01230992017406,NA
2020-04-29,17,13,63,28,NA,NA,NA,5,0,0,"Resource allocation","Crisis management plans","Develop all-of-society and business continuity plans",1,0.839861499615992,NA,NA,1.03056987417783,0.845969589886435,0.829542832018881,NA
2020-04-30,17,13,63,28,NA,NA,NA,5,0,0,"Resource allocation","Crisis management plans","State aid, taxation and social security",1,0.724196525772023,NA,NA,1.03055324988414,0.794289699545531,0.648978042115626,NA
2020-05-01,17,13,63,28,NA,NA,NA,5,0,0,"Resource allocation","The government provide assistance to vulnerable populations","Insure access to gas/electricity/water/telecommunications",1,0.748986818619798,NA,NA,1.03054437710225,0.824796533239469,0.671982846632202,NA
2020-05-02,17,13,63,28,NA,NA,NA,5,0,0,NA,NA,NA,NA,0.793156111122989,NA,NA,1.03053965621465,0.86409086222282,0.723325874381661,NA
2020-05-03,17,13,63,28,NA,NA,NA,5,0,0,NA,NA,NA,NA,0.8455267278625,NA,NA,1.03053715153657,0.905031536713582,0.789776567317404,NA
2020-05-04,17,13,63,28,NA,NA,NA,5,0,0,NA,NA,NA,NA,0.893803329432989,NA,NA,1.03053582613435,0.940025051711455,0.855151837722361,NA
2020-05-05,17,13,63,28,NA,NA,NA,5,0,0,NA,NA,NA,NA,0.932146278823567,NA,NA,1.0305351264502,0.966388437929819,0.909876150077977,NA
2020-05-06,12,13,63,21,NA,NA,NA,5,0,0,NA,NA,NA,NA,0.959644607064575,NA,NA,1.03053475790088,0.863686747749599,0.814902344612709,NA
2020-05-07,12,13,63,21,NA,NA,NA,5,0,0,NA,NA,NA,NA,0.977976133426983,NA,NA,1.03053456416942,0.754301606217399,0.701858363025848,NA
2020-05-08,12,13,63,21,NA,NA,NA,5,0,0,NA,NA,NA,NA,0.98956903520355,NA,NA,1.03053446252589,0.777530789223456,0.734105130085329,NA
2020-05-09,12,13,63,21,NA,NA,NA,5,0,0,NA,NA,NA,NA,0.996625374555678,NA,NA,1.03053440929157,0.819539924067226,0.785649411342364,NA
2020-05-10,12,13,63,21,NA,NA,NA,5,0,0,NA,NA,NA,NA,1.00080160013256,NA,NA,1.0305343814568,0.869153753293065,0.845786090495698,NA
2020-05-11,12,13,63,21,NA,NA,NA,5,0,0,NA,NA,NA,NA,1.0032219349338,NA,NA,1.03053436692517,0.914544101843058,0.901446907014608,NA
2020-05-12,12,13,63,21,NA,NA,NA,5,0,0,NA,NA,NA,NA,1.00460224933597,NA,NA,1.03053435934963,0.95033909868217,0.9459797921339,NA
2020-05-13,12,13,68,19,NA,NA,NA,5,0,0,NA,NA,NA,NA,1.04496139214509,NA,NA,1.03053435540575,0.930479785187232,0.978119940504083,NA
2020-05-14,12,13,68,19,NA,NA,NA,5,0,0,NA,NA,NA,NA,1.08380014459177,NA,NA,1.03053435335515,0.901642046658201,0.999640188514409,NA
2020-05-15,12,13,68,19,NA,NA,NA,5,0,0,NA,NA,NA,NA,1.07624779681675,NA,NA,1.03053435229023,0.919248302100187,1.01328573112467,NA
2020-05-16,12,13,68,19,NA,NA,NA,5,0,0,NA,NA,NA,NA,1.06099204109042,NA,NA,1.03053435173782,0.941768184082317,1.02160297963546,NA
2020-05-17,12,13,68,19,NA,NA,NA,5,0,0,NA,NA,NA,NA,1.04459800100329,NA,NA,1.03053435145158,0.964490440709412,1.0265282942554,NA
2020-05-18,12,13,68,19,NA,NA,NA,5,0,0,NA,NA,NA,NA,1.03131336751369,NA,NA,1.03053435130341,0.983229420315379,1.02938305107445,NA
2020-05-19,12,13,68,19,NA,NA,NA,5,0,0,NA,NA,NA,NA,1.02186296552771,NA,NA,1.03053435122678,0.996934288439728,1.03101086443898,NA
2020-05-20,15,13,129,19,NA,NA,NA,5,0,0,NA,NA,NA,NA,1.46781921295083,NA,NA,1.03053435118719,1.00620152718303,1.15575852312812,NA
2020-05-21,15,13,129,19,NA,NA,NA,5,0,0,NA,NA,NA,NA,1.88857222242197,NA,NA,1.03053435116675,1.01213698321758,1.27576502411757,NA
2020-05-22,15,13,129,19,NA,NA,NA,5,0,0,NA,NA,NA,NA,1.74231766638166,NA,NA,1.03053435115621,1.01579314644199,1.247847371038,NA
2020-05-23,15,13,129,19,NA,NA,NA,5,0,0,NA,NA,NA,NA,1.51128555659595,NA,NA,1.03053435115077,1.01798126039306,1.19473192973964,NA
2020-05-24,15,13,129,19,NA,NA,NA,5,0,0,NA,NA,NA,NA,1.31925071122419,NA,NA,1.03053435114797,1.01926237836281,1.14110902248338,NA
2020-05-25,15,13,129,19,NA,NA,NA,5,0,0,NA,NA,NA,NA,1.19322409921179,NA,NA,1.03053435114654,1.01999972680526,1.09999129935546,NA
2020-05-26,15,13,129,19,NA,NA,NA,5,0,0,NA,NA,NA,NA,1.11581960718424,NA,NA,1.0305343511458,1.02041833420269,1.07191654352285,NA
2020-05-27,11,13,111,19,NA,NA,NA,5,0,0,NA,NA,NA,NA,0.994958205101936,NA,NA,1.03053435114542,1.02065333690602,0.917874596826882,NA
2020-05-28,11,13,111,19,NA,NA,NA,5,0,0,NA,NA,NA,NA,0.898636168078495,NA,NA,1.03053435114523,1.0207840372237,0.776529595134948,NA
2020-05-29,11,13,111,19,NA,NA,NA,5,0,0,NA,NA,NA,NA,0.896264534748052,NA,NA,1.03053435114513,1.02085615354597,0.790933783910832,NA
2020-05-30,11,13,111,19,NA,NA,NA,5,0,0,NA,NA,NA,NA,0.91195413962266,NA,NA,1.03053435114508,1.0208956742046,0.829775683693194,NA
2020-05-31,11,13,111,19,NA,NA,NA,5,0,0,NA,NA,NA,NA,0.9346597902529,NA,NA,1.03053435114505,1.02091720358647,0.879269994748605,NA
2020-06-01,11,13,111,19,NA,NA,NA,5,0,0,NA,NA,NA,NA,0.955893170395389,NA,NA,1.03053435114504,1.02092887079068,0.925854796432069,NA
2020-06-02,11,13,111,19,NA,NA,NA,5,0,0,NA,NA,NA,NA,0.972473872674374,NA,NA,1.03053435114503,1.0209351642074,0.963177355018609,NA
2020-06-03,24,13,135,16,NA,NA,NA,5,0,0,NA,NA,NA,NA,1.09006454121787,NA,NA,1.03053435114503,0.942404810673333,1.54967958581428,NA
2020-06-04,24,13,135,16,NA,NA,NA,5,0,0,NA,NA,NA,NA,1.20169714968504,NA,NA,1.03053435114502,0.865790326788679,2.11364441234734,NA
2020-06-05,24,13,135,16,NA,NA,NA,5,0,0,NA,NA,NA,NA,1.18429057026503,NA,NA,1.03053435114501,0.878473156736054,1.93585137363562,NA
2020-06-06,24,13,135,16,NA,NA,NA,5,0,0,NA,NA,NA,NA,1.14327101002245,NA,NA,1.030534351145,0.905174211919003,1.6354783238006,NA
2020-06-07,24,13,135,16,NA,NA,NA,5,0,0,NA,NA,NA,NA,1.0997297512513,NA,NA,1.03053435114499,0.936548206711931,1.39350205586213,NA
2020-06-08,24,13,135,16,NA,NA,NA,5,0,0,NA,NA,NA,NA,1.0655288599368,NA,NA,1.03053435114499,0.96437062296053,1.23998646512221,NA
2020-06-09,24,13,135,16,NA,NA,NA,5,0,0,NA,NA,NA,NA,1.04184164910447,NA,NA,1.03053435114498,0.985648149559207,1.14785939229172,NA
2020-06-10,30,13,196,18,NA,NA,NA,5,0,0,NA,NA,NA,NA,1.25751797438826,NA,NA,1.03053435114497,1.0611020806892,1.22711338182097,NA
2020-06-11,30,13,196,18,NA,NA,NA,5,0,0,NA,NA,NA,NA,1.46520469205099,NA,NA,1.03053435114497,1.13064029220257,1.31605442479952,NA
2020-06-12,30,13,196,18,NA,NA,NA,5,0,0,NA,NA,NA,NA,1.3988603652362,NA,NA,1.03053435114497,1.12471213768949,1.26324764714428,NA
2020-06-13,30,13,196,18,NA,NA,NA,5,0,0,NA,NA,NA,NA,1.29109754926637,NA,NA,1.03053435114497,1.10382680595606,1.19594962634561,NA
2020-06-14,30,13,196,18,NA,NA,NA,5,0,0,NA,NA,NA,NA,1.19176327413562,NA,NA,1.03053435114497,1.07979365538869,1.13505691125698,NA
2020-06-15,30,13,196,18,NA,NA,NA,5,0,0,NA,NA,NA,NA,1.12047516758593,NA,NA,1.03053435114497,1.06004307884732,1.09037109670759,NA
2020-06-16,30,13,196,18,NA,NA,NA,5,0,0,NA,NA,NA,NA,1.07394375049977,NA,NA,1.03053435114497,1.04595478036608,1.06053815240114,NA
2020-06-17,62,12,280,64,NA,NA,NA,5,0,0,NA,NA,NA,NA,1.26819777815734,NA,NA,0.992366412213678,2.32542218039338,1.58800628120388,NA
2020-06-18,62,12,280,64,NA,NA,NA,5,0,0,NA,NA,NA,NA,1.45722813028089,NA,NA,0.955226774886816,3.46833658278988,2.07886243389714,NA
2020-06-19,62,12,280,64,NA,NA,NA,5,0,0,NA,NA,NA,NA,1.38735421299241,NA,NA,0.961968428417879,2.81927187413908,1.88242389788162,NA
2020-06-20,62,12,280,64,NA,NA,NA,5,0,0,NA,NA,NA,NA,1.28148185372039,NA,NA,0.975837624406651,2.05340199997504,1.59306570243273,NA
2020-06-21,62,12,280,64,NA,NA,NA,5,0,0,NA,NA,NA,NA,1.18513174473735,NA,NA,0.991594431017644,1.58101318980489,1.3641315392824,NA
2020-06-22,62,12,280,64,NA,NA,NA,5,0,0,NA,NA,NA,NA,1.11612429186282,NA,NA,1.00510320223352,1.32707816610459,1.21882334591816,NA
2020-06-23,62,12,280,64,NA,NA,NA,5,0,0,NA,NA,NA,NA,1.07107573195862,NA,NA,1.01515279202754,1.18842204827254,1.13139057409781,NA
2020-06-24,112,33,475,104,NA,NA,NA,5,0,0,NA,NA,NA,NA,1.40542565966233,NA,NA,1.88050424988932,1.45489265428633,1.51123478888167,NA
2020-06-25,112,33,475,104,NA,NA,NA,5,0,0,NA,NA,NA,NA,1.72154530233897,NA,NA,2.68554004125365,1.71114660863044,1.86572792791126,NA
2020-06-26,112,33,475,104,NA,NA,NA,5,0,0,NA,NA,NA,NA,1.60182545410559,NA,NA,2.33161900984491,1.57784076319401,1.70650811976155,NA
2020-06-27,112,33,475,104,NA,NA,NA,5,0,0,NA,NA,NA,NA,1.42147678198836,NA,NA,1.83797043172425,1.40251179267285,1.48455078207153,NA
2020-06-28,112,33,475,104,NA,NA,NA,5,0,0,NA,NA,NA,NA,1.26742937946931,NA,NA,1.48956577866077,1.25640448611215,1.30325268569467,NA
2020-06-29,112,33,475,104,NA,NA,NA,5,0,0,NA,NA,NA,NA,1.16326527229442,NA,NA,1.28642377916111,1.15786674356646,1.18416214957893,NA
2020-06-30,112,33,475,104,NA,NA,NA,5,0,0,NA,NA,NA,NA,1.09793191840193,NA,NA,1.17039111877387,1.09598354592098,1.11079136550779,NA
2020-07-01,114,18,524,92,NA,NA,NA,5,0,0,NA,NA,NA,NA,1.11263817223988,NA,NA,0.85648649479219,0.997461485864938,1.0760429433231,NA
2020-07-02,114,18,524,92,NA,NA,NA,5,0,0,NA,NA,NA,NA,1.13910908514283,NA,NA,0.591991525705357,0.918179300913014,1.0584275325453,NA
2020-07-03,114,18,524,92,NA,NA,NA,5,0,0,NA,NA,NA,NA,1.11285053289384,NA,NA,0.605477636271472,0.916135130453496,1.04088086481911,NA
2020-07-04,114,18,524,92,NA,NA,NA,5,0,0,NA,NA,NA,NA,1.08329577512924,NA,NA,0.656242501452747,0.929247311991831,1.02826438162486,NA
2020-07-05,114,18,524,92,NA,NA,NA,5,0,0,NA,NA,NA,NA,1.05666024058945,NA,NA,0.729039172427932,0.94810075471307,1.01928388118129,NA
2020-07-06,114,18,524,92,NA,NA,NA,5,0,0,NA,NA,NA,NA,1.03663853190633,NA,NA,0.805334917250272,0.965583829578629,1.01324542532101,NA
2020-07-07,114,18,524,92,NA,NA,NA,5,0,0,NA,NA,NA,NA,1.02296454935858,NA,NA,0.872511505858505,0.979136154622806,1.00936774246147,NA
2020-07-08,200,33,975,218,NA,NA,13,5,0,0,NA,NA,NA,NA,1.45015460098894,NA,NA,1.29952929313456,1.6619592490399,1.38512359883129,NA
2020-07-09,200,33,975,218,NA,NA,13,5,0,0,NA,NA,NA,NA,1.85330499374068,NA,NA,1.72211409530871,2.30591799191853,1.74218693131949,NA
2020-07-10,200,33,975,218,NA,NA,13,5,0,0,NA,NA,NA,NA,1.71311376156353,NA,NA,1.64569748544034,2.06231462807969,1.62916173817222,NA
2020-07-11,200,33,975,218,NA,NA,13,5,0,0,NA,NA,NA,NA,1.49218082166754,NA,NA,1.46652943910082,1.6937912502142,1.44235684196607,NA
2020-07-12,200,33,975,218,NA,NA,13,5,0,0,NA,NA,NA,NA,1.30740331396625,2.06975328981176,NA,1.30198372932408,1.41406439180585,1.28077254157137,NA
2020-07-13,200,33,975,218,NA,NA,13,5,0,0,NA,NA,NA,NA,1.18545902222286,1.54726731173974,NA,1.1889811178287,1.2429422419548,1.17158849529903,NA
2020-07-14,200,33,975,218,NA,NA,13,5,0,0,NA,NA,NA,NA,1.11028029436278,1.3074333082037,NA,1.11787797307251,1.14240677658688,1.10326396441508,NA
2020-07-15,214,35,1165,205,NA,NA,11,5,0,0,NA,NA,NA,NA,1.1686770581644,1.09648223983712,NA,1.10660025571397,1.05130800372869,1.0987698751503,NA
2020-07-16,214,35,1165,205,NA,NA,11,5,0,0,NA,NA,NA,NA,1.23660801269711,0.953810183165889,NA,1.11013700433977,0.987523570819937,1.10807025735863,NA
2020-07-17,214,35,1165,205,NA,NA,11,5,0,0,NA,NA,NA,NA,1.19591968369738,0.935371995961826,NA,1.08769455022236,0.974035250658401,1.08524588594665,NA
2020-07-18,214,35,1165,205,NA,NA,11,5,0,0,NA,NA,NA,NA,1.14442895473763,0.944391615093017,NA,1.06629987173522,0.973864576565848,1.06238491868289,NA
2020-07-19,214,35,1165,205,NA,NA,11,5,0,0,NA,NA,NA,NA,1.09723294719052,0.964952480694445,NA,1.04820887178858,0.979515970514769,1.0426234913553,NA
2020-07-20,214,35,1165,205,NA,NA,11,5,0,0,NA,NA,NA,NA,1.06208901887386,0.985946650533591,NA,1.03490148160588,0.985997308071466,1.02795788006201,NA
2020-07-21,214,35,1165,205,NA,NA,11,5,0,0,NA,NA,NA,NA,1.03836366325923,1.0029596076078,NA,1.02589276104821,0.991383039764544,1.01798693435352,NA
2020-07-22,164,41,1008,165,NA,NA,15,5,0,0,NA,NA,NA,NA,0.954271377622617,1.19174163930454,NA,1.10631359815738,0.898413935759639,0.893668983722113,NA
2020-07-23,164,41,1008,165,NA,NA,15,5,0,0,NA,NA,NA,NA,0.87893354420989,1.37239393685959,NA,1.18546012077421,0.805852543263126,0.775284829740301,NA
2020-07-24,164,41,1008,165,NA,NA,15,5,0,0,NA,NA,NA,NA,0.885068159668032,1.33568211468233,NA,1.16468115319147,0.821893892812066,0.790471854712236,NA
2020-07-25,164,41,1008,165,NA,NA,15,5,0,0,NA,NA,NA,NA,0.905046705226692,1.25922923610015,NA,1.12820329902296,0.854107691535438,0.825922574382074,NA
2020-07-26,164,41,1008,165,NA,NA,15,5,0,0,NA,NA,NA,NA,0.929840316828779,1.18292599707902,NA,1.09121491692083,0.892163139690424,0.869591025057204,NA
2020-07-27,164,41,1008,165,NA,NA,15,5,0,0,NA,NA,NA,NA,0.95205669996683,1.12571089534269,NA,1.06240808500237,0.926365383704786,0.909851725424369,NA
2020-07-28,164,41,1008,165,NA,NA,15,5,0,0,NA,NA,NA,NA,0.969069568628083,1.087350461406,NA,1.04247307471616,0.95285102142199,0.941615145274456,NA
2020-07-29,135,33,992,142,NA,NA,15,5,0,0,NA,NA,NA,NA,0.973132229387408,1.06297880614835,NA,0.930296050352098,0.903969791084198,0.879255033230166,NA
2020-07-30,135,33,992,142,NA,NA,15,5,0,0,NA,NA,NA,NA,0.973178837296165,1.04798282356029,NA,0.826840668785375,0.84864632062015,0.808602623926692,NA
2020-07-31,135,33,992,142,NA,NA,15,5,0,0,NA,NA,NA,NA,0.979350056125512,1.03896397877983,NA,0.837965873115175,0.866249522151597,0.829742350801538,NA
2020-08-01,135,33,992,142,NA,NA,15,5,0,0,NA,NA,NA,NA,0.98511275794631,1.0336378323276,NA,0.867485349388007,0.893554908972958,0.863143694926372,NA
2020-08-02,135,33,992,142,NA,NA,15,5,0,0,NA,NA,NA,NA,0.990027966267213,1.03054043750453,NA,0.903999508112267,0.923302237963729,0.900233496686669,NA
2020-08-03,135,33,992,142,NA,NA,15,5,0,0,NA,NA,NA,NA,0.993713322296577,1.02876291523054,NA,0.937282401694965,0.94887700371578,0.932697985485397,NA
2020-08-04,135,33,992,142,NA,NA,15,5,0,0,NA,NA,NA,NA,0.996250003848188,1.02775454941694,NA,0.963220786267637,0.96809476567418,0.957449282869571,NA
2020-08-05,133,26,1101,162,NA,NA,15,5,0,0,NA,NA,NA,NA,1.05269425394204,1.02718825020997,NA,0.878978459580155,1.05019442657546,0.967481983953925,NA
2020-08-06,133,26,1101,162,NA,NA,15,5,0,0,NA,NA,NA,NA,1.10691838068356,1.02687300376701,NA,0.78828473712075,1.1266376537744,0.971571036778322,NA
2020-08-07,133,26,1101,162,NA,NA,15,5,0,0,NA,NA,NA,NA,1.09658344708944,1.02669886121232,NA,0.809899974584876,1.11839276023913,0.979805819756805,NA
2020-08-08,133,26,1101,162,NA,NA,15,5,0,0,NA,NA,NA,NA,1.07542196860512,1.02660331453285,NA,0.847338101783923,1.09404411024177,0.986677985855902,NA
2020-08-09,133,26,1101,162,NA,NA,15,5,0,0,NA,NA,NA,NA,1.05283345462892,1.02655120371373,NA,0.890460317944472,1.06673831758034,0.992148438227002,NA
2020-08-10,133,26,1101,162,NA,NA,15,5,0,0,NA,NA,NA,NA,1.03468913966108,1.02652293304548,NA,0.929101680160662,1.04456389950932,0.99610056202512,NA
2020-08-11,133,26,1101,162,NA,NA,15,5,0,0,NA,NA,NA,NA,1.02187321398455,1.02650766825447,NA,0.959070280291078,1.02886012163479,0.998760781649873,NA
2020-08-12,140,28,1078,176,NA,NA,15,5,0,0,NA,NA,NA,NA,1.00285803078604,1.02649946083778,NA,1.01717055316514,1.06239260538368,1.02669303230546,NA
2020-08-13,140,28,1078,176,NA,NA,15,5,0,0,NA,NA,NA,NA,0.987373597274912,1.02649506474694,NA,1.06797962135092,1.09784587920743,1.05324828988571,NA
2020-08-14,140,28,1078,176,NA,NA,15,5,0,0,NA,NA,NA,NA,0.98610095626534,1.02649271819763,NA,1.06992097667545,1.08491232842829,1.04886037771356,NA
2020-08-15,140,28,1078,176,NA,NA,15,5,0,0,NA,NA,NA,NA,0.988035662757221,1.02649146957081,NA,1.06072623790004,1.06549451710003,1.03921315525183,NA
2020-08-16,140,28,1078,176,NA,NA,15,5,0,0,NA,NA,NA,NA,0.991165858473469,1.02649080705703,NA,1.04800757403738,1.04609303469507,1.02858926326734,NA
2020-08-17,140,28,1078,176,NA,NA,15,5,0,0,NA,NA,NA,NA,0.994075860139126,1.02649045644976,NA,1.03686625977236,1.03081671664611,1.019855224525,NA
2020-08-18,140,28,1078,176,NA,NA,15,5,0,0,NA,NA,NA,NA,0.996304641097372,1.02649027135141,NA,1.02864306832791,1.02011214627337,1.01358161122544,NA
2020-08-19,106,25,740,157,NA,NA,15,5,0,0,NA,NA,NA,NA,0.841485495063782,1.02649017384774,NA,0.969241825173912,0.95856635880493,0.887270923465844,NA
2020-08-20,106,25,740,157,NA,NA,15,5,0,0,NA,NA,NA,NA,0.688853231779648,1.02649012259131,NA,0.91359807272992,0.901487669507248,0.765760500119198,NA
2020-08-21,106,25,740,157,NA,NA,15,5,0,0,NA,NA,NA,NA,0.709765310057045,1.02649009569771,NA,0.920687393817281,0.908121712120497,0.782027126943182,NA
2020-08-22,106,25,740,157,NA,NA,15,5,0,0,NA,NA,NA,NA,0.75524769999092,1.02649008161194,NA,0.938227714556075,0.925358863707661,0.818977597795305,NA
2020-08-23,106,25,740,157,NA,NA,15,5,0,0,NA,NA,NA,NA,0.812456313340677,1.02649007424657,NA,0.959021468723094,0.945948156444757,0.864457917326077,NA
2020-08-24,106,25,740,157,NA,NA,15,5,0,0,NA,NA,NA,NA,0.867067252525262,1.0264900704012,NA,0.977248453950452,0.964044509720188,0.906509016186346,NA
2020-08-25,106,25,740,157,NA,NA,15,5,0,0,NA,NA,NA,NA,0.91156917488394,1.02649006839648,NA,0.99100846511442,0.977725238117601,0.939786425860127,NA
2020-08-26,136,13,753,201,NA,NA,15,5,0,0,NA,NA,NA,NA,0.952377095662835,1.02649006735278,NA,0.765084869076807,1.12505577153815,1.09926978950731,NA
2020-08-27,136,13,753,201,NA,NA,15,5,0,0,NA,NA,NA,NA,0.982782053201615,1.02649006681009,NA,0.536517405041733,1.26583390737704,1.25037191129894,NA
2020-08-28,136,13,753,201,NA,NA,15,5,0,0,NA,NA,NA,NA,0.995467004348288,1.02649006652825,NA,0.56330199437156,1.23914191629122,1.23170531320687,NA
2020-08-29,136,13,753,201,NA,NA,15,5,0,0,NA,NA,NA,NA,1.0009645107831,1.02649006638205,NA,0.622343840463132,1.18268300744605,1.1797146837874,NA
2020-08-30,136,13,753,201,NA,NA,15,5,0,0,NA,NA,NA,NA,1.00255790666893,1.02649006630629,NA,0.702542696498138,1.1249541511113,1.12412649707919,NA
2020-08-31,136,13,753,201,NA,NA,15,1,1,0,NA,NA,NA,NA,1.00257380855315,1.02649006626707,NA,0.786559184550344,1.08071690448359,1.08085758782844,NA
2020-09-01,136,13,753,201,NA,NA,15,1,0,0,NA,NA,NA,NA,1.00211860987735,1.02649006624679,NA,0.861249120012396,1.05058705524985,1.05116467435391,NA
2020-09-02,125,14,629,185,NA,NA,15,1,0,0,NA,NA,NA,NA,0.919213495456648,1.02649006623631,NA,0.953884863599322,0.990301528373273,0.990438240771402,NA
2020-09-03,125,14,629,185,NA,NA,15,1,0,0,NA,NA,NA,NA,0.83842161915212,1.0264900662309,NA,1.03165130235357,0.939402213938793,0.939013856425359,NA
2020-09-04,125,14,629,185,NA,NA,15,1,0,0,NA,NA,NA,NA,0.851081755505339,1.0264900662281,NA,1.0540673843187,0.939660320164818,0.939427844129961,NA
2020-09-05,125,14,629,185,NA,NA,15,1,0,0,NA,NA,NA,NA,0.878112137938356,1.02649006622666,NA,1.05783006006732,0.949806516669803,0.94982303701927,NA
2020-09-06,125,14,629,185,NA,NA,15,1,0,0,NA,NA,NA,NA,0.910048574342066,1.02649006622591,NA,1.05270747959045,0.963425112408485,0.963716673724997,NA
2020-09-07,125,14,629,185,NA,NA,15,1,0,0,NA,NA,NA,NA,0.938484665853815,1.02649006622552,NA,1.04583027427702,0.975712914175585,0.976242621704977,NA
2020-09-08,125,14,629,185,NA,NA,15,1,0,0,NA,NA,NA,NA,0.9602990019853,1.02649006622532,NA,1.03995793810527,0.985076640242798,0.985786137899697,NA
2020-09-09,85,14,546,102,NA,NA,15,1,0,0,NA,NA,NA,NA,0.911214432130336,1.02649006622521,NA,1.03569025162388,0.769727305586853,0.834242024902546,NA
2020-09-10,85,14,546,102,NA,NA,15,1,0,0,NA,NA,NA,NA,0.857123350534664,1.02649006622516,NA,1.03283838583191,0.553704931896794,0.68207489110883,NA
2020-09-11,85,14,546,102,NA,NA,15,1,0,0,NA,NA,NA,NA,0.87303807715865,1.02649006622514,NA,1.03102907539454,0.579047736469443,0.704589843805896,NA
2020-09-12,85,14,546,102,NA,NA,15,1,0,0,NA,NA,NA,NA,0.898484638716916,1.02649006622512,NA,1.02992139770545,0.635101202343661,0.751600734320907,NA
2020-09-13,85,14,546,102,NA,NA,15,1,0,0,NA,NA,NA,NA,0.926356922325304,1.02649006622512,NA,1.02926080898011,0.710208255955261,0.81045670306618,NA
2020-09-14,85,14,546,102,NA,NA,15,2,0,1,NA,NA,NA,NA,0.950315214052109,1.02649006622512,NA,1.02887472726823,0.787484279509401,0.866699444817585,NA
2020-09-15,85,14,546,102,NA,NA,15,2,0,0,NA,NA,NA,NA,0.968297428207212,1.02649006622511,NA,1.02865268204417,0.854981863634216,0.91262118941069,NA
2020-09-16,107,14,559,92,NA,NA,15,2,0,0,NA,NA,NA,NA,0.992332134405597,1.02649006622511,NA,1.02852664461329,0.862885005924656,1.06797577629407,NA
2020-09-17,107,14,559,92,NA,NA,15,2,0,0,NA,NA,NA,NA,1.01186667222211,1.02649006622511,NA,1.02845588094254,0.852844974239206,1.21403058674967,NA
2020-09-18,107,14,559,92,NA,NA,15,2,0,0,NA,NA,NA,NA,1.01475903406155,1.02649006622511,NA,1.02841651605565,0.882254432611933,1.20430463172725,NA
2020-09-19,107,14,559,92,NA,NA,15,2,0,0,NA,NA,NA,NA,1.01338325901192,1.02649006622511,NA,1.02839479038646,0.912370696015429,1.16156988365716,NA
2020-09-20,107,14,559,92,NA,NA,15,2,0,0,NA,NA,NA,NA,1.0103095922439,1.02649006622511,NA,1.02838288166818,0.940009913172761,1.11319451782182,NA
2020-09-21,107,14,559,92,NA,NA,15,2,0,0,NA,NA,NA,NA,1.00731495802145,1.02649006622511,NA,1.02837639293313,0.961897377541687,1.0746410976497,NA
2020-09-22,107,14,559,92,NA,NA,15,2,0,0,NA,NA,NA,NA,1.00499059230855,1.0264900662251,NA,1.02837287597503,0.977561806159096,1.04783492512918,NA
2020-09-23,101,14,465,67,NA,NA,15,2,0,0,NA,NA,NA,NA,0.919086825321552,1.0264900662251,NA,1.02837097864158,0.854495801223989,1.00165936474696,NA
2020-09-24,101,14,465,67,NA,NA,15,2,0,0,NA,NA,NA,NA,0.835908168927044,1.0264900662251,NA,1.02836995933297,0.728579978299306,0.963411876888096,NA
2020-09-25,101,14,465,67,NA,NA,15,2,0,0,NA,NA,NA,NA,0.848484362339037,1.0264900662251,NA,1.02836941378015,0.750202068264022,0.962165287404216,NA
2020-09-26,101,14,465,67,NA,NA,15,2,0,0,NA,NA,NA,NA,0.875844056978677,1.0264900662251,NA,1.02836912277947,0.792853550575278,0.968554721519456,NA
2020-09-27,101,14,465,67,NA,NA,15,2,0,0,NA,NA,NA,NA,0.90831902794088,1.0264900662251,NA,1.02836896803586,0.844623900279802,0.977690085346211,NA
2020-09-28,101,14,465,67,NA,NA,15,2,0,0,NA,NA,NA,NA,0.937307521248892,1.0264900662251,NA,1.02836888597984,0.892769538873929,0.986017364302995,NA
2020-09-29,101,14,465,67,NA,NA,15,2,0,0,NA,NA,NA,NA,0.959584176141043,1.0264900662251,NA,1.02836884257983,0.931193832907214,0.992371212636888,NA
2020-09-30,86,14,444,84,NA,NA,15,2,0,0,NA,NA,NA,NA,0.953157047114606,1.0264900662251,NA,1.02836881967952,1.07957980830272,0.923114728559813,NA
2020-10-01,86,14,444,84,NA,NA,15,2,0,0,NA,NA,NA,NA,0.94148708916889,1.0264900662251,NA,1.02836880762238,1.21921047714294,0.853676320060519,NA
2020-10-02,86,14,444,84,NA,NA,15,2,0,0,NA,NA,NA,NA,0.951489177022667,1.0264900662251,NA,1.02836880128705,1.20629413833005,0.866991398083507,NA
2020-10-03,86,14,444,84,NA,NA,15,2,0,0,NA,NA,NA,NA,0.963233293260811,1.0264900662251,NA,1.02836879796443,1.16230426039835,0.892752096950608,NA
2020-10-04,86,14,444,84,NA,NA,15,2,0,0,NA,NA,NA,NA,0.974509447346325,1.0264900662251,NA,1.0283687962249,1.11367830522236,0.922428687303503,NA
2020-10-05,86,14,444,84,NA,NA,15,2,0,0,NA,NA,NA,NA,0.983505005072098,1.0264900662251,NA,1.02836879531565,1.07519815205965,0.948508915786872,NA
2020-10-06,86,14,444,84,NA,NA,15,2,0,0,NA,NA,NA,NA,0.989932764286708,1.0264900662251,NA,1.02836879484113,1.04852390071465,0.96834240882973,NA
2020-10-07,94,14,458,96,NA,NA,15,2,0,0,NA,NA,NA,NA,1.00986765088249,1.0264900662251,NA,1.02836879459383,1.10444006755632,1.02751965384522,NA
2020-10-08,94,14,458,96,NA,NA,15,2,0,0,NA,NA,NA,NA,1.02786609236349,1.0264900662251,NA,1.02836879446512,1.16296344131319,1.08133537911094,NA
2020-10-09,94,14,458,96,NA,NA,15,2,0,0,NA,NA,NA,NA,1.0266157813408,1.0264900662251,NA,1.02836879439821,1.14049173236712,1.07832315945894,NA
2020-10-10,94,14,458,96,NA,NA,15,2,0,0,NA,NA,NA,NA,1.02170780966885,1.0264900662251,NA,1.02836879436347,1.10729421298326,1.0639400362789,NA
2020-10-11,94,14,458,96,NA,NA,15,2,0,0,NA,NA,NA,NA,1.01583789672981,1.0264900662251,NA,1.02836879434546,1.07484772716703,1.0467697504711,NA
2020-10-12,94,14,458,96,NA,NA,15,2,0,0,NA,NA,NA,NA,1.01085538897032,1.0264900662251,NA,1.02836879433612,1.04980409312602,1.03239908348997,NA
2020-10-13,94,14,458,96,NA,NA,15,2,0,0,NA,NA,NA,NA,1.00721320086535,1.0264900662251,NA,1.02836879433129,1.03251447948414,1.02202872814631,NA
2020-10-14,109,14,487,94,NA,NA,15,2,0,0,NA,NA,NA,NA,1.03653782071473,1.0264900662251,NA,1.02836879432879,1.0107121207414,1.09568048241915,NA
2020-10-15,109,14,487,94,NA,NA,15,2,0,0,NA,NA,NA,NA,1.06569610584972,1.0264900662251,NA,1.0283687943275,0.993572150708035,1.16851930719305,NA
2020-10-16,109,14,487,94,NA,NA,15,2,0,0,NA,NA,NA,NA,1.05852581379157,1.0264900662251,NA,1.02836879432684,0.991320760491808,1.14860083610843,NA
2020-10-17,109,14,487,94,NA,NA,15,2,0,0,NA,NA,NA,NA,1.04576619407693,1.0264900662251,NA,1.02836879432649,0.992683982181075,1.11446624655205,NA
2020-10-18,109,14,487,94,NA,NA,15,2,0,0,NA,NA,NA,NA,1.03235128259915,1.0264900662251,NA,1.02836879432632,0.995482389260662,1.07994051197073,NA
2020-10-19,109,14,487,94,NA,NA,15,3,0,1,NA,NA,NA,NA,1.02152931355815,1.0264900662251,NA,1.02836879432623,0.99820130051246,1.05301974625078,NA
2020-10-20,109,14,487,94,NA,NA,15,3,0,0,NA,NA,NA,NA,1.01383623272989,1.0264900662251,NA,1.02836879432619,1.00032124451955,1.03436233224856,NA
2020-10-21,132,15,520,114,NA,NA,15,3,0,0,NA,NA,NA,NA,1.0428898375252,1.0264900662251,NA,1.06382978723396,1.10781346550762,1.12959079095935,NA
2020-10-22,132,15,520,114,NA,NA,15,3,0,0,NA,NA,NA,NA,1.07257231148518,1.0264900662251,NA,1.0981924202866,1.21137261942042,1.22410587600145,NA
2020-10-23,132,15,520,114,NA,NA,15,3,0,0,NA,NA,NA,NA,1.06385911823643,1.0264900662251,NA,1.09110282311273,1.18901576113779,1.19539036570247,NA
2020-10-24,132,15,520,114,NA,NA,15,3,0,0,NA,NA,NA,NA,1.04956897351389,1.0264900662251,NA,1.07710008513586,1.14548890916887,1.14834362867375,NA
2020-10-25,132,15,520,114,NA,NA,15,3,0,0,NA,NA,NA,NA,1.034859326725,1.0264900662251,NA,1.06207741552719,1.10087772362367,1.10198997279082,NA
2020-10-26,132,15,520,114,NA,NA,15,3,0,0,NA,NA,NA,NA,1.02309738510373,1.0264900662251,NA,1.04988895191099,1.06626057240609,1.06654579418288,NA
2020-10-27,132,15,520,114,NA,NA,15,3,0,0,NA,NA,NA,NA,1.0147766101947,1.0264900662251,NA,1.04120605528546,1.04242336690218,1.04231587867969,NA
2020-10-28,150,24,542,131,NA,NA,15,3,0,0,NA,NA,NA,NA,1.03061898558823,1.0264900662251,NA,1.33607335634341,1.1032429102674,1.09644473756648,NA
2020-10-29,150,24,542,131,NA,NA,15,3,0,0,NA,NA,NA,NA,1.04771666285108,1.0264900662251,NA,1.61728438086719,1.16597679056465,1.15293091929973,NA
2020-10-30,150,24,542,131,NA,NA,15,3,0,0,NA,NA,NA,NA,1.04147078989846,1.0264900662251,NA,1.5306169303576,1.14361093862103,1.13206964342707,NA
2020-10-31,150,24,542,131,NA,NA,15,3,0,0,NA,NA,NA,NA,1.03213253475195,1.0264900662251,NA,1.38510972194974,1.10958113121711,1.10080851232063,NA
2020-11-01,150,24,542,131,NA,NA,15,3,0,0,NA,NA,NA,NA,1.0226795045076,1.0264900662251,NA,1.25438931231599,1.07610236128656,1.07006504882715,NA
2020-11-02,150,24,542,131,NA,NA,15,3,0,0,NA,NA,NA,NA,1.01512748366216,1.0264900662251,NA,1.16318822838362,1.050225320763,1.046247303047,NA
2020-11-03,150,24,542,131,NA,NA,15,3,0,0,NA,NA,NA,NA,1.0097745078196,1.0264900662251,NA,1.10486926250239,1.03235604746483,1.02976401291667,NA
2020-11-04,239,41,835,255,NA,NA,15,3,0,0,NA,NA,NA,NA,1.27796826664896,1.0264900662251,NA,1.43975541989574,1.50203215914026,1.32036554630158,NA
2020-11-05,239,41,835,255,NA,NA,15,3,0,0,NA,NA,NA,NA,1.53452784813761,1.0264900662251,NA,1.755818195882,1.94306608756476,1.59755058475858,NA
2020-11-06,239,41,835,255,NA,NA,15,3,0,0,NA,NA,NA,NA,1.46048095545737,1.0264900662251,NA,1.62828675086714,1.78137455044821,1.50935512287916,NA
2020-11-07,239,41,835,255,NA,NA,15,3,0,0,NA,NA,NA,NA,1.33334056814899,1.0264900662251,NA,1.44090882232079,1.53301009685075,1.3649001408065,NA
2020-11-08,239,41,835,255,NA,NA,15,3,0,0,NA,NA,NA,NA,1.21701213504252,1.0264900662251,NA,1.28228980336236,1.33001975395076,1.23583974399951,NA
2020-11-09,239,41,835,255,NA,NA,15,3,0,0,NA,NA,NA,NA,1.13471719451231,1.0264900662251,NA,1.17552959251875,1.19826677358623,1.14596296076993,NA
2020-11-10,239,41,835,255,NA,NA,15,3,0,0,NA,NA,NA,NA,1.08160421442233,1.0264900662251,NA,1.10874316111174,1.11789049853065,1.0885363917885,NA
2020-11-11,306,53,1201,387,NA,NA,15,3,0,0,NA,NA,NA,NA,1.27835224511848,1.0264900662251,NA,1.22253249600636,1.34608424983975,1.20044905707037,NA
2020-11-12,306,53,1201,387,NA,NA,15,3,0,0,NA,NA,NA,NA,1.46998448413383,1.0264900662251,NA,1.33986830583608,1.56719809635586,1.31505086232837,NA
2020-11-13,306,53,1201,387,NA,NA,15,3,0,0,NA,NA,NA,NA,1.39640149206497,1.0264900662251,NA,1.28648284474463,1.47120417808244,1.26595402461793,NA
2020-11-14,306,53,1201,387,NA,NA,15,3,0,0,NA,NA,NA,NA,1.28680827278138,1.0264900662251,NA,1.2121878445605,1.33539258918564,1.19626171148379,NA
2020-11-15,306,53,1201,387,NA,NA,15,3,0,0,NA,NA,NA,NA,1.18779790425361,1.0264900662251,NA,1.14383600398154,1.2168061526929,1.13155263074646,NA
2020-11-16,306,53,1201,387,NA,NA,15,1,1,0,NA,NA,NA,NA,1.1171903359727,1.0264900662251,NA,1.09367224962146,1.13425376578553,1.08379427395788,NA
2020-11-17,306,53,1201,387,NA,NA,15,1,0,0,NA,NA,NA,NA,1.07122019554931,1.0264900662251,NA,1.0602680713761,1.08135067066139,1.05187724896329,NA
2020-11-18,460,85,1553,486,NA,NA,15,1,0,0,NA,NA,NA,NA,1.19524456487745,1.0264900662251,NA,1.34986450012609,1.18261960756982,1.29077418261907,NA
2020-11-19,460,85,1553,486,NA,NA,15,1,0,0,NA,NA,NA,NA,1.31979637031001,1.0264900662251,NA,1.62577806888219,1.28698549031694,1.52022966574283,NA
2020-11-20,460,85,1553,486,NA,NA,15,1,0,0,NA,NA,NA,NA,1.27190013119627,1.0264900662251,NA,1.52884437731328,1.24281545751476,1.44237303639992,NA
2020-11-21,460,85,1553,486,NA,NA,15,1,0,0,NA,NA,NA,NA,1.20090708340492,1.0264900662251,NA,1.37741035859558,1.17986466236972,1.31934642247678,NA
2020-11-22,460,85,1553,486,NA,NA,15,1,0,0,NA,NA,NA,NA,1.13438276578253,1.0264900662251,NA,1.24406868406243,1.12094290680644,1.20815124302252,NA
2020-11-23,460,85,1553,486,NA,NA,15,1,0,0,NA,NA,NA,NA,1.08520146007112,1.0264900662251,NA,1.15185515155787,1.0771382549643,1.1295058874644,NA
2020-11-24,460,85,1553,486,NA,NA,15,1,0,0,NA,NA,NA,NA,1.05233059906318,1.0264900662251,NA,1.09316255472928,1.04770886648224,1.0786697529277,NA
2020-11-25,531,65,1792,651,NA,NA,16,1,0,0,NA,NA,NA,NA,1.11080378750815,1.05960264900656,NA,0.933435109295628,1.2034447057787,1.12781983338808,NA
2020-11-26,531,65,1792,651,NA,NA,16,1,0,0,NA,NA,NA,NA,1.17274402460918,1.0916956784151,NA,0.795845024969442,1.35585437042842,1.18378864484585,NA
2020-11-27,531,65,1792,651,NA,NA,16,1,0,0,NA,NA,NA,NA,1.14754901103015,1.08511150664924,NA,0.803555961218169,1.30578515577449,1.15411601184677,NA
2020-11-28,531,65,1792,651,NA,NA,16,1,0,0,NA,NA,NA,NA,1.11120334459871,1.07209049311813,NA,0.834995512133472,1.22607185231016,1.11508186954219,NA
2020-11-29,531,65,1792,651,NA,NA,16,1,0,0,NA,NA,NA,NA,1.07603846123743,1.05809657306453,NA,0.876391027839884,1.15084211265216,1.07839847837471,NA
2020-11-30,531,65,1792,651,NA,NA,16,1,0,0,NA,NA,NA,NA,1.04906275349813,1.0467241053319,NA,0.915309224728453,1.09546526934863,1.05059289715846,NA
2020-12-01,531,65,1792,651,NA,NA,16,1,0,0,NA,NA,NA,NA,1.03051369579952,1.03861229071145,NA,0.946286114362232,1.05863580223891,1.03159204098343,NA
2020-12-02,892,107,3582,1384,NA,NA,35,1,0,0,NA,NA,NA,NA,1.52705267411197,1.62813028830352,NA,1.27897668424321,1.61776293556518,1.36551260735527,NA
2020-12-03,892,107,3582,1384,NA,NA,35,1,0,0,NA,NA,NA,NA,1.99229317385285,2.17926814064012,NA,1.59950932084136,2.13521351416999,1.68260142582858,NA
2020-12-04,892,107,3582,1384,NA,NA,35,1,0,0,NA,NA,NA,NA,1.81824312854706,1.96515604435893,NA,1.52627843894028,1.92013082869681,1.57703643539787,NA
2020-12-05,892,107,3582,1384,NA,NA,35,1,0,0,NA,NA,NA,NA,1.55379445414079,1.64404766336935,NA,1.38151479306285,1.61054044519362,1.40764966930476,NA
2020-12-06,892,107,3582,1384,NA,NA,35,1,0,0,NA,NA,NA,NA,1.34036492356073,1.39369737797312,NA,1.24795069568706,1.36978429636945,1.25996588062798,NA
2020-12-07,892,107,3582,1384,NA,NA,35,1,0,0,NA,NA,NA,NA,1.20312820791628,1.23704325256523,NA,1.15430545483899,1.2187252302066,1.15909642730831,NA
2020-12-08,892,107,3582,1384,NA,NA,35,1,0,0,NA,NA,NA,NA,1.11990133211843,1.14367098387388,NA,1.09439407068033,1.12846557100957,1.09547595650935,NA
2020-12-09,969,134,3900,1363,NA,NA,29,1,0,0,NA,NA,NA,NA,1.11773100126291,0.996536980689545,NA,1.19025934615874,1.06691770900593,1.10215834996422,NA
2020-12-10,969,134,3900,1363,NA,NA,29,1,0,0,NA,NA,NA,NA,1.13172884575569,0.879791523047553,NA,1.29042016768593,1.0280137278983,1.12093916272016,NA
2020-12-11,969,134,3900,1363,NA,NA,29,1,0,0,NA,NA,NA,NA,1.10377015736938,0.87806777636574,NA,1.24475297733325,1.01129738377713,1.09708984406613,NA
2020-12-12,969,134,3900,1363,NA,NA,29,1,0,0,NA,NA,NA,NA,1.07531703584913,0.897830486615481,NA,1.18141008922098,1.00356666225545,1.0713369914331,NA
2020-12-13,969,134,3900,1363,NA,NA,29,1,0,0,NA,NA,NA,NA,1.05066663755213,0.926168565433792,NA,1.12255479449058,1.00056085292276,1.04841320233769,NA
2020-12-14,969,134,3900,1363,NA,NA,29,1,0,0,NA,NA,NA,NA,1.03241814802728,0.952856110719319,NA,1.07890588211791,0.999638856065426,1.03122169920244,NA
2020-12-15,969,134,3900,1363,NA,NA,29,1,0,0,NA,NA,NA,NA,1.02004526065821,0.973866645851006,NA,1.04961129491796,0.999527564486594,1.01948043967576,NA
2020-12-16,1185,154,3981,1534,NA,NA,36,1,0,0,NA,NA,NA,NA,1.02260379305014,1.10606565180608,NA,1.10760506148769,1.06235748304165,1.12462551061195,NA
2020-12-17,1185,154,3981,1534,NA,NA,36,1,0,0,NA,NA,NA,NA,1.02778177861404,1.23143581162589,NA,1.16855057670478,1.12326267267623,1.22770587610032,NA
2020-12-18,1185,154,3981,1534,NA,NA,36,1,0,0,NA,NA,NA,NA,1.02279601942401,1.21262236131476,NA,1.14486268832813,1.11068073664323,1.19970640706763,NA
2020-12-19,1185,154,3981,1534,NA,NA,36,1,0,0,NA,NA,NA,NA,1.01711161123732,1.16675806871951,NA,1.11005477319879,1.085973061103,1.15134000585339,NA
2020-12-20,1185,154,3981,1534,NA,NA,36,1,0,0,NA,NA,NA,NA,1.01182717165467,1.11813557032236,NA,1.07614554637184,1.05993639906002,1.10322142450079,NA
2020-12-21,1185,154,3981,1534,NA,NA,36,1,0,0,NA,NA,NA,NA,1.00773158706531,1.08012677600299,NA,1.05003787759901,1.03918375954071,1.06636735764568,NA
2020-12-22,1185,154,3981,1534,NA,NA,36,1,0,0,NA,NA,NA,NA,1.0048684982712,1.05391150703387,NA,1.03204537428931,1.02460113256121,1.04117414877312,NA
2020-12-23,984,141,3055,1231,NA,NA,31,1,0,0,NA,NA,NA,NA,0.886355777270666,0.965922891128146,NA,0.977455159989448,0.914822676080507,0.938058712208306,NA
2020-12-24,984,141,3055,1231,NA,NA,31,1,0,0,NA,NA,NA,NA,0.771350475912255,0.887545031165942,NA,0.928987956935612,0.812070734299184,0.844856284072563,NA
2020-12-25,984,141,3055,1231,NA,NA,31,1,0,0,NA,NA,NA,NA,0.787671254909749,0.893473732384995,NA,0.932211085404745,0.824166119868448,0.853191471263159,NA
2020-12-26,984,141,3055,1231,NA,NA,31,1,0,0,NA,NA,NA,NA,0.823622207609287,0.913947511159884,NA,0.944680227318499,0.854265604571649,0.878236227821898,NA
2020-12-27,984,141,3055,1231,NA,NA,31,1,0,0,NA,NA,NA,NA,0.867465036213432,0.939554782011228,NA,0.960152380178111,0.891194161303147,0.909424866722281,NA
2020-12-28,984,141,3055,1231,NA,NA,31,1,0,0,NA,NA,NA,NA,0.907751577894672,0.96257867917447,NA,0.973822586976461,0.924802620776994,0.93769062915846,NA
2020-12-29,984,141,3055,1231,NA,NA,31,1,0,0,NA,NA,NA,NA,0.939482111867523,0.980247524961082,NA,0.984148294702421,0.950989550621083,0.959568595860825,NA
2020-12-30,1178,182,4015,1471,NA,NA,31,1,0,0,NA,NA,NA,NA,1.11320504907617,0.992565609335482,NA,1.13487250057544,1.06393880884412,1.07098013769748,NA
2020-12-31,1178,182,4015,1471,NA,NA,31,1,0,0,NA,NA,NA,NA,1.27849248697848,1.00061832660574,NA,1.27922733519972,1.1698093410613,1.17588935515106,NA
2021-01-01,1178,182,4015,1471,NA,NA,31,1,0,0,NA,NA,NA,NA,1.25527153763127,1.00564959336115,NA,1.24986025921846,1.1584763977526,1.1626406656517,NA
2021-01-02,1178,182,4015,1471,NA,NA,31,1,0,0,NA,NA,NA,NA,1.1956986022796,1.00869125172816,NA,1.19013839277507,1.12438574533743,1.12704985691284,NA
2021-01-03,1178,182,4015,1471,NA,NA,31,1,0,0,NA,NA,NA,NA,1.13329936591758,1.01048533987113,NA,1.12971431031149,1.08665304134184,1.0882836524869,NA
2021-01-04,1178,182,4015,1471,NA,NA,31,1,0,0,NA,NA,NA,NA,1.0853312682495,1.01152370842783,NA,1.08367263669177,1.05646304239521,1.05744980785115,NA
2021-01-05,1178,182,4015,1471,NA,NA,31,1,0,0,NA,NA,NA,NA,1.05268194168341,1.0121157717612,NA,1.05242315218068,1.03533061708533,1.03593238612496,NA
2021-01-06,1421,181,5183,1675,NA,NA,60,1,0,0,NA,NA,NA,NA,1.18179638870316,1.47849739508058,NA,1.02957705546249,1.09233397486312,1.12725533206753,NA
2021-01-07,1421,181,5183,1675,NA,NA,60,1,0,0,NA,NA,NA,NA,1.30964739007056,1.91966498392866,NA,1.01451551091371,1.15101921161315,1.21843321343631,NA
2021-01-08,1421,181,5183,1675,NA,NA,60,1,0,0,NA,NA,NA,NA,1.26564173722572,1.77043983530482,NA,1.00759857207914,1.13060104449086,1.18943657027979,NA
2021-01-09,1421,181,5183,1675,NA,NA,60,1,0,0,NA,NA,NA,NA,1.1972413182786,1.53062559294726,NA,1.00422349518062,1.0992832076167,1.14298725391801,NA
2021-01-10,1421,181,5183,1675,NA,NA,60,1,0,0,NA,NA,NA,NA,1.13226200368632,1.33177002753015,NA,1.00278317403957,1.06830913083746,1.0974309299678,NA
2021-01-11,1421,181,5183,1675,NA,NA,60,1,0,0,NA,NA,NA,NA,1.08394243213937,1.20180093058449,NA,1.00224281308834,1.04427099114494,1.06263091502047,NA
2021-01-12,1421,181,5183,1675,NA,NA,60,1,0,0,NA,NA,NA,NA,1.05154761467532,1.12221543640021,NA,1.00208372887889,1.02762375996686,1.03884571874475,NA
2021-01-13,1087,125,3831,1381,NA,NA,39,1,0,0,NA,NA,NA,NA,0.896493373881031,0.887972159304041,NA,0.847479405866705,0.92759180715264,0.90327776608329,NA
2021-01-14,1087,125,3831,1381,NA,NA,39,1,0,0,NA,NA,NA,NA,0.75549529764296,0.686479427550061,NA,0.69594433362229,0.834897742890081,0.778371278934106,NA
2021-01-15,1087,125,3831,1381,NA,NA,39,1,0,0,NA,NA,NA,NA,0.768457716915865,0.698455104082892,NA,0.716370203984569,0.845217187048056,0.79118999684237,NA
2021-01-16,1087,125,3831,1381,NA,NA,39,1,0,0,NA,NA,NA,NA,0.80506509020011,0.741964119507949,NA,0.761336725908778,0.87203148402892,0.825361004709633,NA
2021-01-17,1087,125,3831,1381,NA,NA,39,1,0,0,NA,NA,NA,NA,0.851919157597376,0.801348941726258,NA,0.817912045884148,0.904862749387083,0.868321218270112,NA
2021-01-18,1087,125,3831,1381,NA,NA,39,1,0,0,NA,NA,NA,NA,0.896011736648455,0.860121805076157,NA,0.871834570620895,0.934519763946521,0.908188423423536,NA
2021-01-19,1087,125,3831,1381,NA,NA,39,1,0,0,NA,NA,NA,NA,0.931305201143078,0.90917032280795,NA,0.915701556028339,0.957462939427831,0.939741614670627,NA
2021-01-20,682,98,2529,969,NA,NA,24,1,0,0,NA,NA,NA,NA,0.79416374855914,0.766079382206125,NA,0.845769177833472,0.828394966675567,0.783088511063576,NA
2021-01-21,682,98,2529,969,NA,NA,24,1,0,0,NA,NA,NA,NA,0.645838193271139,0.605135019710591,NA,0.763023289786839,0.693516136516881,0.616466694934248,NA
2021-01-22,682,98,2529,969,NA,NA,24,1,0,0,NA,NA,NA,NA,0.673782453807239,0.637196616400325,NA,0.789253862177303,0.717735942467336,0.644285243741849,NA
2021-01-23,682,98,2529,969,NA,NA,24,1,0,0,NA,NA,NA,NA,0.725213290901108,0.694390932565692,NA,0.829616384104942,0.763950017012985,0.697759073407079,NA
2021-01-24,682,98,2529,969,NA,NA,24,1,0,0,NA,NA,NA,NA,0.788548129991463,0.765706070250929,NA,0.874795478259666,0.820288279803883,0.765178455627524,NA
2021-01-25,682,98,2529,969,NA,NA,24,1,0,0,NA,NA,NA,NA,0.849259990280404,0.835584195886643,NA,0.914945684678204,0.873269779085602,0.831130451165109,NA
2021-01-26,682,98,2529,969,NA,NA,24,1,0,0,NA,NA,NA,NA,0.899149928775701,0.894240892150491,NA,0.945986750806743,0.91601496550378,0.886272269917307,NA
2021-01-27,508,45,1679,687,NA,NA,17,1,0,0,NA,NA,NA,NA,0.778636382092827,0.804146502290026,NA,0.707441615087342,0.809298679206791,0.809199480774831,NA
2021-01-28,508,45,1679,687,NA,NA,17,1,0,0,NA,NA,NA,NA,0.640871213125475,0.694402613768351,NA,0.457103787025948,0.689084922582749,0.714453860122392,NA
2021-01-29,508,45,1679,687,NA,NA,17,1,0,0,NA,NA,NA,NA,0.671889918381594,0.727335633111498,NA,0.48523716741046,0.717412144208829,0.745116294302398,NA
2021-01-30,508,45,1679,687,NA,NA,17,1,0,0,NA,NA,NA,NA,0.724865633561103,0.778827935738252,NA,0.545318899549736,0.765472701132293,0.791632594128118,NA
2021-01-31,508,45,1679,687,NA,NA,17,1,0,0,NA,NA,NA,NA,0.788896882151221,0.838503783537569,NA,0.629044124177415,0.822365995769678,0.844315373678556,NA
2021-02-01,508,45,1679,687,NA,NA,17,1,0,0,NA,NA,NA,NA,0.849842626147318,0.89357791223474,NA,0.720280910731628,0.875241804574874,0.891952549116179,NA
2021-02-02,508,45,1679,687,NA,NA,17,1,0,0,NA,NA,NA,NA,0.899726597738872,0.937564365300042,NA,0.804726077339062,0.917610454704533,0.92936228441907,NA
2021-02-03,441,49,1380,590,NA,NA,17,1,0,0,NA,NA,NA,NA,0.85300640362953,0.96927232028657,NA,0.911672443584105,0.881319997954618,0.893008565024972,NA
2021-02-04,441,49,1380,590,NA,NA,17,1,0,0,NA,NA,NA,NA,0.79197508085112,0.990485354674829,NA,1.00337884703173,0.833643568375171,0.846890630313259,NA
2021-02-05,441,49,1380,590,NA,NA,17,1,0,0,NA,NA,NA,NA,0.818167666227657,1.00392807091656,NA,1.0319908850876,0.855749467836792,0.866919414698944,NA
2021-02-06,441,49,1380,590,NA,NA,17,1,0,0,NA,NA,NA,NA,0.854720488242907,1.01211818691162,NA,1.03844725764649,0.885955278585163,0.894840309687175,NA
2021-02-07,441,49,1380,590,NA,NA,17,1,0,0,NA,NA,NA,NA,0.893886125695951,1.0169667059035,NA,1.03395769788067,0.917658584464536,0.924236515157443,NA
2021-02-08,441,49,1380,590,NA,NA,17,1,0,0,NA,NA,NA,NA,0.927742553959235,1.01977630008811,NA,1.02692353928643,0.944555161540744,0.949139030469313,NA
2021-02-09,441,49,1380,590,NA,NA,17,1,0,0,NA,NA,NA,NA,0.953403105541919,1.0213780774924,NA,1.02070518095488,0.964637965004071,0.967694664157711,NA
2021-02-10,337,41,986,430,NA,NA,13,1,0,0,NA,NA,NA,NA,0.832607383511607,0.905447719408775,NA,0.934008584723945,0.845861841366928,0.864931811555814,NA
2021-02-11,337,41,986,430,NA,NA,13,1,0,0,NA,NA,NA,NA,0.705088865203906,0.791613022834278,NA,0.851273586051308,0.722529565221966,0.758225987942519,NA
2021-02-12,337,41,986,430,NA,NA,13,1,0,0,NA,NA,NA,NA,0.729261968022917,0.809240308269881,NA,0.862570552673638,0.745038024482344,0.778916026604929,NA
2021-02-13,337,41,986,430,NA,NA,13,1,0,0,NA,NA,NA,NA,0.774410651532283,0.846870533905943,NA,0.88878003661254,0.788039509351075,0.817734268722894,NA
2021-02-14,337,41,986,430,NA,NA,13,1,0,0,NA,NA,NA,NA,0.828913898830619,0.892534517289032,NA,0.920177868707916,0.839888834842827,0.863698440743071,NA
2021-02-15,337,41,986,430,NA,NA,13,1,0,0,NA,NA,NA,NA,0.879774543738969,0.934449533159325,NA,0.948242690389876,0.888004720568828,0.905593421045291,NA
2021-02-16,337,41,986,430,NA,NA,13,1,0,0,NA,NA,NA,NA,0.920551283419102,0.967455060966522,NA,0.969804929357682,0.926366494842949,0.93849001167745,NA
2021-02-17,226,26,724,378,NA,NA,13,1,0,0,NA,NA,NA,NA,0.82384594586485,0.990949521274563,NA,0.806879925125059,0.896334660117599,0.803697121210405,NA
2021-02-18,226,26,724,378,NA,NA,13,1,0,0,NA,NA,NA,NA,0.714776428493305,1.00653080507334,NA,0.638425993926099,0.856334230180558,0.658905313486924,NA
2021-02-19,226,26,724,378,NA,NA,13,1,0,0,NA,NA,NA,NA,0.741848970687715,1.01635353852299,NA,0.664565239160519,0.876189979981453,0.686033174698344,NA
2021-02-20,226,26,724,378,NA,NA,13,1,0,0,NA,NA,NA,NA,0.78708765304905,1.02232250502147,NA,0.717154302049342,0.902815325424189,0.736299683862795,NA
2021-02-21,226,26,724,378,NA,NA,13,1,0,0,NA,NA,NA,NA,0.839884722326013,1.02585268014342,NA,0.783834088386066,0.930379499526942,0.79800977765078,NA
2021-02-22,226,26,724,378,NA,NA,13,1,0,0,NA,NA,NA,NA,0.888283966784037,1.02789829174386,NA,0.848957131708115,0.953507732248986,0.856861194672995,NA
2021-02-23,226,26,724,378,NA,NA,13,1,0,0,NA,NA,NA,NA,0.926616037023747,1.02906508085014,NA,0.90325193387453,0.970631865295152,0.904986489485917,NA
2021-02-24,212,30,667,287,NA,NA,13,1,0,0,NA,NA,NA,NA,0.916527911281971,1.02972231082916,NA,1.01488611629792,0.864225227379578,0.911221274723871,NA
2021-02-25,212,30,667,287,NA,NA,13,1,0,0,NA,NA,NA,NA,0.896799126459262,1.03008875706977,NA,1.1156345075124,0.75438581764777,0.905346601825006,NA
2021-02-26,212,30,667,287,NA,NA,13,1,0,0,NA,NA,NA,NA,0.9139534422454,1.03029134491302,NA,1.12072416506449,0.774993188156423,0.924838585853928,NA
2021-02-27,212,30,667,287,NA,NA,13,1,0,0,NA,NA,NA,NA,0.93409099531701,1.03040254001171,NA,1.10268492982466,0.814216396377635,0.944461114252713,NA
2021-02-28,212,30,667,287,NA,NA,13,1,0,0,NA,NA,NA,NA,0.953647381088808,1.0304631939675,NA,1.07765946573378,0.860892433863462,0.962123499241654,NA
2021-03-01,212,30,667,287,NA,NA,13,1,0,0,NA,NA,NA,NA,0.969455873889751,1.03049610004151,NA,1.05606584512721,0.903574395772969,0.975862034490408,NA
2021-03-02,212,30,667,287,NA,NA,13,1,0,0,NA,NA,NA,NA,0.98087418772012,1.03051386701448,NA,1.04035316314582,0.937170318648769,0.985559608135418,NA
2021-03-03,170,24,541,248,NA,NA,13,1,0,0,NA,NA,NA,NA,0.895232320836748,1.03052341913016,NA,0.928553460337553,0.89590396576418,0.893937029365265,NA
2021-03-04,170,24,541,248,NA,NA,13,1,0,0,NA,NA,NA,NA,0.808026304988327,1.03052853507224,NA,0.82423575063214,0.846012547030372,0.80137313370992,NA
2021-03-05,170,24,541,248,NA,NA,13,1,0,0,NA,NA,NA,NA,0.824731021315563,1.03053126564449,NA,0.836346192534417,0.865335781068851,0.818208135143015,NA
2021-03-06,170,24,541,248,NA,NA,13,1,0,0,NA,NA,NA,NA,0.856656364104277,1.03053271850081,NA,0.867005474623016,0.893285667376724,0.851161382929876,NA
2021-03-07,170,24,541,248,NA,NA,13,1,0,0,NA,NA,NA,NA,0.89391400634535,1.03053348932045,NA,0.904746441186306,0.9230907692741,0.889944915889698,NA
2021-03-08,170,24,541,248,NA,NA,13,2,0,1,NA,NA,NA,NA,0.927203379686061,1.03053389721576,NA,0.939148798036283,0.948489838559068,0.924792859620172,NA
2021-03-09,170,24,541,248,NA,NA,13,2,0,0,NA,NA,NA,NA,0.952884747958227,1.03053411254469,NA,0.965982130567565,0.967482574631243,0.951789347684037,NA
2021-03-10,126,26,400,209,NA,NA,13,2,0,0,NA,NA,NA,NA,0.844490942324615,1.03053422596605,NA,1.02513516408891,0.90357922643811,0.845517658644123,NA
2021-03-11,126,26,400,209,NA,NA,13,2,0,0,NA,NA,NA,NA,0.729463190603412,1.03053428558692,NA,1.07762002005234,0.835578279910701,0.73214373593656,NA
2021-03-12,126,26,400,209,NA,NA,13,2,0,0,NA,NA,NA,NA,0.752844052960687,1.03053431686764,NA,1.07799194745881,0.852230177987149,0.755789282702887,NA
2021-03-13,126,26,400,209,NA,NA,13,2,0,0,NA,NA,NA,NA,0.795464583267966,1.03053433325042,NA,1.0669492435989,0.880863505282155,0.7984634684267,NA
2021-03-14,126,26,400,209,NA,NA,13,2,0,0,NA,NA,NA,NA,0.846120917081914,1.03053434181652,NA,1.05255367059777,0.913109151184503,0.849031731782162,NA
2021-03-15,126,26,400,209,NA,NA,13,2,0,0,NA,NA,NA,NA,0.892744681839914,1.03053434628858,NA,1.04016018831759,0.941304774718874,0.895499186800324,NA
2021-03-16,126,26,400,209,NA,NA,13,2,0,0,NA,NA,NA,NA,0.929698634163964,1.03053434861994,NA,1.0310897296813,0.96272463817002,0.932287944883759,NA
2021-03-17,141,13,314,196,NA,NA,13,2,0,0,NA,NA,NA,NA,0.853497234729219,1.03053434983366,NA,0.773579633982754,0.947254277251888,1.01543996983498,NA
2021-03-18,141,13,314,196,NA,NA,13,2,0,0,NA,NA,NA,NA,0.766933949740027,1.03053435046473,NA,0.523886053486573,0.926806922592877,1.09008568141318,NA
2021-03-19,141,13,314,196,NA,NA,13,2,0,0,NA,NA,NA,NA,0.791117974959982,1.03053435079246,NA,0.547940666178063,0.937782345892156,1.09073072544813,NA
2021-03-20,141,13,314,196,NA,NA,13,2,0,0,NA,NA,NA,NA,0.830080970557397,1.03053435096247,NA,0.606101297731081,0.952191692961145,1.07496552643136,NA
2021-03-21,141,13,314,196,NA,NA,13,2,0,0,NA,NA,NA,NA,0.87422321171455,1.03053435105057,NA,0.687059710818872,0.96669807407846,1.05457287737573,NA
2021-03-22,141,13,314,196,NA,NA,13,2,0,0,NA,NA,NA,NA,0.913603665969192,1.03053435109617,NA,0.773245859463482,0.978550258363437,1.03718813112176,NA
2021-03-23,141,13,314,196,NA,NA,13,2,0,0,NA,NA,NA,NA,0.944100667118296,1.03053435111976,NA,0.850904837254168,0.987142816511366,1.02456666797152,NA
2021-03-24,136,22,312,186,NA,NA,13,2,0,0,NA,NA,NA,NA,0.962500868130748,1.03053435113196,NA,1.21663139048791,0.96765068498128,0.998178572811156,NA
2021-03-25,136,22,312,186,NA,NA,13,2,0,0,NA,NA,NA,NA,0.973557488131806,1.03053435113825,NA,1.58015758186495,0.946557110399757,0.975546581702101,NA
2021-03-26,136,22,312,186,NA,NA,13,2,0,0,NA,NA,NA,NA,0.982930793363925,1.0305343511415,NA,1.53640102628499,0.953153844257829,0.975556206674746,NA
2021-03-27,136,22,312,186,NA,NA,13,2,0,0,NA,NA,NA,NA,0.989424099170838,1.03053435114317,NA,1.4013902893839,0.963557937056859,0.980098405736315,NA
2021-03-28,136,22,312,186,NA,NA,13,2,0,0,NA,NA,NA,NA,0.993864792046877,1.03053435114404,NA,1.26830896044876,0.974588759620048,0.986159468487769,NA
2021-03-29,136,22,312,186,NA,NA,13,3,0,1,NA,NA,NA,NA,0.996770589733297,1.03053435114448,NA,1.17309015964694,0.983757261637736,0.991558065524554,NA
2021-03-30,136,22,312,186,NA,NA,13,3,0,0,NA,NA,NA,NA,0.998599969527013,1.03053435114471,NA,1.11166623238168,0.990453873683502,0.995624623725931,NA
2021-03-31,133,25,273,190,NA,NA,13,3,0,0,NA,NA,NA,NA,0.937334485890659,1.03053435114483,NA,1.14522175502922,1.00564142751491,0.987443912360376,NA
2021-04-01,133,25,273,190,NA,NA,13,3,0,0,NA,NA,NA,NA,0.877078804939688,1.0305343511449,NA,1.18836425498706,1.01895505684671,0.978540908009822,NA
2021-04-02,133,25,273,190,NA,NA,13,3,0,0,NA,NA,NA,NA,0.887605017715989,1.03053435114493,NA,1.15822981143904,1.01876865262833,0.98161903939846,NA
2021-04-03,133,25,273,190,NA,NA,13,3,0,0,NA,NA,NA,NA,0.909060174822167,1.03053435114494,NA,1.12136044232857,1.01583427174538,0.986302884474634,NA
2021-04-04,133,25,273,190,NA,NA,13,3,0,0,NA,NA,NA,NA,0.933822645289636,1.03053435114495,NA,1.08739302630129,1.01206714546734,0.991169923761363,NA
2021-04-05,133,25,273,190,NA,NA,13,3,0,0,NA,NA,NA,NA,0.955450937774823,1.03053435114495,NA,1.06177401928898,1.00879337679557,0.995155986120271,NA
2021-04-06,133,25,273,190,NA,NA,13,3,0,0,NA,NA,NA,NA,0.971793710798507,1.03053435114496,NA,1.04428928207064,1.0063712940936,0.998036205293981,NA
2021-04-07,229,32,339,239,NA,NA,13,3,0,0,NA,NA,NA,NA,1.10169398454181,1.03053435114496,NA,1.17480598418939,1.13394687535013,1.35950277479054,NA
2021-04-08,229,32,339,239,NA,NA,13,3,0,0,NA,NA,NA,NA,1.2252785099715,1.03053435114496,NA,1.30250065858233,1.2572631004618,1.70385164760405,NA
2021-04-09,229,32,339,239,NA,NA,13,3,0,0,NA,NA,NA,NA,1.20446742796182,1.03053435114496,NA,1.26474798833517,1.22751355253007,1.60043443474719,NA
2021-04-10,229,32,339,239,NA,NA,13,3,0,0,NA,NA,NA,NA,1.15752047348631,1.03053435114496,NA,1.20144103902266,1.17267924806055,1.424862894634,NA
2021-04-11,229,32,339,239,NA,NA,13,3,0,0,NA,NA,NA,NA,1.10842658256331,1.03053435114497,NA,1.13989270960026,1.1178504716593,1.27094900217142,NA
2021-04-12,229,32,339,239,NA,NA,13,3,0,0,NA,NA,NA,NA,1.07024668345365,1.03053435114497,NA,1.09361332361383,1.07602974029749,1.16604877227114,NA
2021-04-13,229,32,339,239,NA,NA,13,3,0,0,NA,NA,NA,NA,1.04398269640405,1.03053435114497,NA,1.06238734500242,1.04756920980511,1.10005320475336,NA
2021-04-14,149,22,316,200,NA,NA,15,3,0,0,NA,NA,NA,NA,0.992224031603106,1.10687022900756,NA,0.882071459882794,0.945493646043895,0.875067359469485,NA
2021-04-15,149,22,316,200,NA,NA,15,3,0,0,NA,NA,NA,NA,0.948518017845689,1.18066413702944,NA,0.716376008161112,0.854212232697821,0.678061121967979,NA
2021-04-16,149,22,316,200,NA,NA,15,3,0,0,NA,NA,NA,NA,0.948508425705998,1.16439612233589,NA,0.732427843574716,0.861505159617518,0.691321495980844,NA
2021-04-17,149,22,316,200,NA,NA,15,3,0,0,NA,NA,NA,NA,0.95706246577708,1.1329594664477,NA,0.775602694597456,0.885285426983784,0.735231214506915,NA
2021-04-18,149,22,316,200,NA,NA,15,3,0,0,NA,NA,NA,NA,0.96860141643636,1.10022093792021,NA,0.831660404314849,0.915109527166876,0.79460767827716,NA
2021-04-19,149,22,316,200,NA,NA,15,3,0,0,NA,NA,NA,NA,0.978994539742207,1.07437947883941,NA,0.885611026604715,0.942141980562312,0.853227494756238,NA
2021-04-20,149,22,316,200,NA,NA,15,3,0,0,NA,NA,NA,NA,0.986895597444613,1.05635012476203,NA,0.929704069864125,0.963044228636649,0.90209779688642,NA
2021-04-21,124,29,268,186,NA,NA,15,3,0,0,NA,NA,NA,NA,0.917104784192217,1.04458167324237,NA,1.11161280982848,0.943566120572058,0.859941289268451,NA
2021-04-22,124,29,268,186,NA,NA,15,3,0,0,NA,NA,NA,NA,0.846666852944455,1.0372150645135,NA,1.28431584885124,0.9192727381985,0.803967483901463,NA
2021-04-23,124,29,268,186,NA,NA,15,3,0,0,NA,NA,NA,NA,0.860518767078595,1.03273810682733,NA,1.26652868705122,0.930814345625088,0.829807400039257,NA
2021-04-24,124,29,268,186,NA,NA,15,3,0,0,NA,NA,NA,NA,0.886917851120966,1.03007791263462,NA,1.20934015273902,0.946517141552103,0.86517638488373,NA
2021-04-25,124,29,268,186,NA,NA,15,3,0,0,NA,NA,NA,NA,0.91727471926204,1.02852548023094,NA,1.1475875966986,0.962555506810126,0.902680176327102,NA
2021-04-26,124,29,268,186,NA,NA,15,3,0,0,NA,NA,NA,NA,0.94396413604866,1.02763287567136,NA,1.09962326581365,0.975760514163896,0.934871524720984,NA
2021-04-27,124,29,268,186,NA,NA,15,3,0,0,NA,NA,NA,NA,0.964275886219707,1.0271260131391,NA,1.06681646603372,0.985380649584729,0.959144633024476,NA
2021-04-28,87,12,185,136,NA,NA,15,3,0,0,NA,NA,NA,NA,0.82715793103636,1.02684122651077,NA,0.744410516409564,0.858907040556177,0.83090154616073,NA
2021-04-29,87,12,185,136,NA,NA,15,3,0,0,NA,NA,NA,NA,0.685239756173863,1.02668266390915,NA,0.441262370016819,0.731737988645569,0.69642614624514,NA
2021-04-30,87,12,185,136,NA,NA,15,3,0,0,NA,NA,NA,NA,0.709294828874882,1.02659507154962,NA,0.463149373405732,0.752154833587639,0.720830372750115,NA
2021-05-01,87,12,185,136,NA,NA,15,3,0,0,NA,NA,NA,NA,0.756337932827647,1.02654701480874,NA,0.521230564753468,0.793790870631127,0.76725955046316,NA
2021-05-02,87,12,185,136,NA,NA,15,3,0,0,NA,NA,NA,NA,0.814250394273152,1.0265208071216,NA,0.60682621979417,0.844595256494782,0.823824947887262,NA
2021-05-03,87,12,185,136,NA,NA,15,3,0,0,NA,NA,NA,NA,0.869104730799481,1.02650659060332,NA,0.703689860955951,0.891871763018945,0.87700622065899,NA
2021-05-04,87,12,185,136,NA,NA,15,3,0,0,NA,NA,NA,NA,0.913615476335121,1.02649891515673,NA,0.79638031736497,0.929590735182921,0.91990574350239,NA
2021-05-05,54,16,162,116,NA,NA,15,3,0,0,NA,NA,NA,NA,0.887402150211125,1.02649478870736,NA,1.01361561428243,0.886626820589278,0.771693121719551,NA
2021-05-06,54,16,162,116,NA,NA,15,3,0,0,NA,NA,NA,NA,0.849345793174231,1.02649257868535,NA,1.22459514734215,0.833679705271487,0.608530411574895,NA
2021-05-07,54,16,162,116,NA,NA,15,3,0,0,NA,NA,NA,NA,0.87133768229887,1.02649139911863,NA,1.24111958986764,0.854864901625529,0.638783717439264,NA
2021-05-08,54,16,162,116,NA,NA,15,3,0,0,NA,NA,NA,NA,0.89967100835887,1.02649077150649,NA,1.20383997518668,0.885183764261737,0.694288312971881,NA
2021-05-09,54,16,162,116,NA,NA,15,3,0,0,NA,NA,NA,NA,0.92863448475845,1.02649043852337,NA,1.15154279961828,0.917542939033967,0.763782623442049,NA
2021-05-10,54,16,162,116,NA,NA,15,3,0,0,NA,NA,NA,NA,0.95283871041681,1.02649026231789,NA,1.10769749742992,0.945216055660045,0.831814332449784,NA
2021-05-11,54,16,162,116,NA,NA,15,3,0,0,NA,NA,NA,NA,0.970730350597404,1.02649016929829,NA,1.07664746809974,0.965979150307615,0.888817572862066,NA
2021-05-12,53,13,144,67,NA,NA,15,3,0,0,NA,NA,NA,NA,0.928482610412199,1.0264901203014,NA,0.960270048776414,0.774118588304702,0.922894243711041,NA
2021-05-13,53,13,144,67,NA,NA,15,3,0,0,NA,NA,NA,NA,0.882387885368956,1.02649009454571,NA,0.856089999057816,0.576718781556415,0.943312425997638,NA
2021-05-14,53,13,144,67,NA,NA,15,3,0,0,NA,NA,NA,NA,0.895787613370978,1.02649008103268,NA,0.864668503074342,0.60339195711283,0.963436799949358,NA
2021-05-15,53,13,144,67,NA,NA,15,3,0,0,NA,NA,NA,NA,0.917396256113329,1.02649007395542,NA,0.892242255321075,0.659096903756385,0.97818823927844,NA
2021-05-16,53,13,144,67,NA,NA,15,3,0,0,NA,NA,NA,NA,0.940940027239607,1.02649007025492,NA,0.927074219729945,0.732086486708072,0.988773167464252,NA
2021-05-17,53,13,144,67,NA,NA,15,3,0,0,NA,NA,NA,NA,0.961021249852435,1.02649006832301,NA,0.9589380624649,0.805833706494102,0.995939125736097,NA
2021-05-18,53,13,144,67,NA,NA,15,3,0,0,NA,NA,NA,NA,0.975992169264663,1.02649006731587,NA,0.983774650391332,0.869238158511145,1.00055906489235,NA
2021-05-19,42,15,90,47,NA,NA,15,3,0,0,NA,NA,NA,NA,0.801960173997001,1.02649006679155,NA,1.07546452694705,0.781667154610784,0.900271284153548,NA
2021-05-20,42,15,90,47,NA,NA,15,3,0,0,NA,NA,NA,NA,0.625095686970127,1.02649006651893,NA,1.16043526853199,0.672113733066177,0.800823472773972,NA
2021-05-21,42,15,90,47,NA,NA,15,3,0,0,NA,NA,NA,NA,0.650017585218518,1.02649006637736,NA,1.1527823363077,0.706446660495432,0.817188082852901,NA
2021-05-22,42,15,90,47,NA,NA,15,3,0,0,NA,NA,NA,NA,0.702111763816939,1.02649006630392,NA,1.12659366173917,0.75893910781453,0.850937697512559,NA
2021-05-23,42,15,90,47,NA,NA,15,3,0,0,NA,NA,NA,NA,0.768928658063509,1.02649006626586,NA,1.09679809763903,0.819587526590651,0.891208268530328,NA
2021-05-24,42,15,90,47,NA,NA,15,4,0,1,NA,NA,NA,NA,0.834663911623505,1.02649006624616,NA,1.07254121003849,0.875663297347731,0.927657288508259,NA
2021-05-25,42,15,90,47,NA,NA,15,4,0,0,NA,NA,NA,NA,0.889782584382115,1.02649006623598,NA,1.05535927333866,0.920565081061243,0.956034955988912,NA
2021-05-26,32,15,65,29,NA,NA,15,4,0,0,NA,NA,NA,NA,0.802399316968534,1.02649006623071,NA,1.04404597010523,0.77243360787562,0.861234943936447,NA
2021-05-27,32,15,65,29,NA,NA,15,4,0,0,NA,NA,NA,NA,0.696889491254899,1.026490066228,NA,1.03692512165805,0.608532122828533,0.758995291328184,NA
2021-05-28,32,15,65,29,NA,NA,15,4,0,0,NA,NA,NA,NA,0.728300159810981,1.02649006622659,NA,1.03258128715456,0.639261514428043,0.782275894935789,NA
2021-05-29,32,15,65,29,NA,NA,15,4,0,0,NA,NA,NA,NA,0.777305806610195,1.02649006622587,NA,1.02999325784132,0.695464032552698,0.8230985539587,NA
2021-05-30,32,15,65,29,NA,NA,15,4,0,0,NA,NA,NA,NA,0.833758006859828,1.0264900662255,NA,1.02847990254779,0.765890740733005,0.87074703042659,NA
2021-05-31,32,15,65,29,NA,NA,15,4,0,0,NA,NA,NA,NA,0.885506530196007,1.02649006622531,NA,1.02760841012525,0.834948550529059,0.914003095713499,NA
2021-06-01,32,15,65,29,NA,NA,15,4,0,0,NA,NA,NA,NA,0.926593278561378,1.02649006622521,NA,1.02711292072773,0.892905547341916,0.947917491941274,NA
2021-06-02,38,11,93,34,NA,NA,15,4,0,0,NA,NA,NA,NA,1.16042958809961,1.02649006622516,NA,0.894339500615905,1.01564518700898,1.06172765021934,NA
2021-06-03,38,11,93,34,NA,NA,15,4,0,0,NA,NA,NA,NA,1.38470536849807,1.02649006622513,NA,0.764586308858427,1.12726758089606,1.16734223853459,NA
2021-06-04,38,11,93,34,NA,NA,15,4,0,0,NA,NA,NA,NA,1.35024857103785,1.02649006622512,NA,0.783632718632881,1.13236633316528,1.15963349959218,NA
2021-06-05,38,11,93,34,NA,NA,15,4,0,0,NA,NA,NA,NA,1.26498506796475,1.02649006622512,NA,0.825129261594917,1.11166811263319,1.12868345162063,NA
2021-06-06,38,11,93,34,NA,NA,15,4,0,0,NA,NA,NA,NA,1.17878587304964,1.02649006622511,NA,0.876297502594114,1.08341353143154,1.09324869253222,NA
2021-06-07,38,11,93,34,NA,NA,15,4,0,0,NA,NA,NA,NA,1.11450765784038,1.02649006622511,NA,0.923999320132321,1.05922563166168,1.06453287441283,NA
2021-06-08,38,11,93,34,NA,NA,15,4,0,0,NA,NA,NA,NA,1.07169824504011,1.02649006622511,NA,0.962057983690735,1.04171714851081,1.04429552151167,NA
2021-06-09,34,11,95,21,NA,NA,15,4,0,0,NA,NA,NA,NA,1.05580582148181,1.02649006622511,NA,0.989419247131438,0.835986114258509,0.977461349816419,NA
2021-06-10,34,11,95,21,NA,NA,15,4,0,0,NA,NA,NA,NA,1.04969626627938,1.02649006622511,NA,1.00769022551383,0.640792487359464,0.917808330653316,NA
2021-06-11,34,11,95,21,NA,NA,15,4,0,0,NA,NA,NA,NA,1.0374515230845,1.02649006622511,NA,1.01926047906395,0.661331349229103,0.922200385226422,NA
2021-06-12,34,11,95,21,NA,NA,15,4,0,0,NA,NA,NA,NA,1.02737428251545,1.02649006622511,NA,1.02631114740148,0.711926063453488,0.937895177182098,NA
2021-06-13,34,11,95,21,NA,NA,15,4,0,0,NA,NA,NA,NA,1.01947651158666,1.0264900662251,NA,1.03048817570226,0.778790707612324,0.957363067657138,NA
2021-06-14,34,11,95,21,NA,NA,15,4,0,0,NA,NA,NA,NA,1.01385471974359,1.0264900662251,NA,1.03291106487488,0.845286059439133,0.974659159323073,NA
2021-06-15,34,11,95,21,NA,NA,15,4,0,0,NA,NA,NA,NA,1.01011228358357,1.0264900662251,NA,1.03429386662873,0.901382861281763,0.987794835290793,NA
2021-06-16,43,11,93,20,NA,NA,15,5,0,1,NA,NA,NA,NA,0.997181816166269,1.0264900662251,NA,1.03507304082945,0.921552608461795,1.1269100643052,NA
2021-06-17,43,11,93,20,NA,NA,15,5,0,0,NA,NA,NA,NA,0.98549192362208,1.0264900662251,NA,1.03550756568688,0.927851928835537,1.25974192556382,NA
2021-06-18,43,11,93,20,NA,NA,15,5,0,0,NA,NA,NA,NA,0.986540296361993,1.0264900662251,NA,1.03574781878019,0.949763883463619,1.23472664502255,NA
2021-06-19,43,11,93,20,NA,NA,15,5,0,0,NA,NA,NA,NA,0.989891179223004,1.0264900662251,NA,1.0358796966742,0.969295873446505,1.18151442573344,NA
2021-06-20,43,11,93,20,NA,NA,15,5,0,0,NA,NA,NA,NA,0.993879641035414,1.0264900662251,NA,1.0359516356999,0.985618863537154,1.12680307744285,NA
2021-06-21,43,11,93,20,NA,NA,15,5,0,0,NA,NA,NA,NA,0.997302386129355,1.0264900662251,NA,1.03599066527831,0.997804681501476,1.08467806103037,NA
2021-06-22,43,11,93,20,NA,NA,15,5,0,0,NA,NA,NA,NA,0.9998323006633,1.0264900662251,NA,1.03601173892631,1.00619050199625,1.0558877908669,NA
2021-06-23,37,12,106,21,NA,NA,15,5,0,0,NA,NA,NA,NA,1.07117534051426,1.0264900662251,NA,1.08106755024224,1.03631233184482,0.965820332322535,NA
2021-06-24,37,12,106,21,NA,NA,15,5,0,0,NA,NA,NA,NA,1.13981616489093,1.0264900662251,NA,1.12468975914866,1.06380377701341,0.88614087287466,NA
2021-06-25,37,12,106,21,NA,NA,15,5,0,0,NA,NA,NA,NA,1.12620858502572,1.0264900662251,NA,1.11548880814331,1.06112682187883,0.891645521727294,NA
2021-06-26,37,12,106,21,NA,NA,15,5,0,0,NA,NA,NA,NA,1.098753633001,1.0264900662251,NA,1.09740451875481,1.05277542747654,0.911920221856584,NA
2021-06-27,37,12,106,21,NA,NA,15,5,0,0,NA,NA,NA,NA,1.06979406019813,1.0264900662251,NA,1.07813915435201,1.04308640538868,0.937448924813664,NA
2021-06-28,37,12,106,21,NA,NA,15,5,0,0,NA,NA,NA,NA,1.04676977939746,1.0264900662251,NA,1.06261145425778,1.03497565911742,0.960452043333015,NA
2021-06-29,37,12,106,21,NA,NA,15,5,0,0,NA,NA,NA,NA,1.03063080747238,1.0264900662251,NA,1.05160559404836,1.02909713733843,0.978124223220718,NA
2021-06-30,58,12,123,65,NA,NA,15,5,0,0,NA,NA,NA,NA,1.10147794825155,1.0264900662251,NA,1.04434370699199,2.07416750467698,1.26777957743888,NA
2021-07-01,58,12,123,65,NA,NA,15,5,0,0,NA,NA,NA,NA,1.17253176341187,1.0264900662251,NA,1.03976628433606,3.02623141193439,1.54549781349001,NA
2021-07-02,58,12,123,65,NA,NA,15,5,0,0,NA,NA,NA,NA,1.15090888637218,1.0264900662251,NA,1.03697236897107,2.5475590149951,1.47767670610246,NA
2021-07-03,58,12,123,65,NA,NA,15,5,0,0,NA,NA,NA,NA,1.11565480545166,1.0264900662251,NA,1.03530789580482,1.93467416067235,1.34934515090193,NA
2021-07-04,58,12,123,65,NA,NA,15,5,0,0,NA,NA,NA,NA,1.08044375193284,1.0264900662251,NA,1.0343350458542,1.52954942744824,1.22996168266679,NA
2021-07-05,58,12,123,65,NA,NA,15,5,0,0,NA,NA,NA,NA,1.05312514376346,1.0264900662251,NA,1.03377518343476,1.30259463239648,1.14521574170737,NA
2021-07-06,58,12,123,65,NA,NA,15,5,0,0,NA,NA,NA,NA,1.03424079187421,1.0264900662251,NA,1.03345710424215,1.17583621739851,1.09048813716583,NA
2021-07-07,147,28,169,134,NA,NA,15,5,0,0,NA,NA,NA,NA,1.21231130620738,1.0264900662251,NA,1.69457647072527,1.68509236346071,1.86024073451271,NA
2021-07-08,147,28,169,134,NA,NA,15,5,0,0,NA,NA,NA,NA,1.38476816962793,1.0264900662251,NA,2.31251993493573,2.14730537592114,2.5552635499014,NA
2021-07-09,147,28,169,134,NA,NA,15,5,0,0,NA,NA,NA,NA,1.33274885115374,1.0264900662251,NA,2.06638585534919,1.91077286791334,2.21596372841927,NA
2021-07-10,147,28,169,134,NA,NA,15,5,0,0,NA,NA,NA,NA,1.24623064050954,1.0264900662251,NA,1.70175152791231,1.60144890215651,1.76850033781549,NA
2021-07-11,147,28,169,134,NA,NA,15,5,0,0,NA,NA,NA,NA,1.16439711463966,1.0264900662251,NA,1.42468588484981,1.3650511415239,1.449530252553,NA
2021-07-12,147,28,169,134,NA,NA,15,5,0,0,NA,NA,NA,NA,1.10441346255181,1.0264900662251,NA,1.25465892164614,1.2170887058487,1.26097601381159,NA
2021-07-13,147,28,169,134,NA,NA,15,5,0,0,NA,NA,NA,NA,1.06468184500167,1.0264900662251,NA,1.1545352594329,1.12865437624095,1.15227107367354,NA
2021-07-14,230,37,320,192,NA,NA,15,5,0,0,NA,NA,NA,NA,1.50269317561862,1.0264900662251,NA,1.26885145153928,1.30837912978744,1.39577996810436,NA
2021-07-15,230,37,320,192,NA,NA,15,5,0,0,NA,NA,NA,NA,1.91213189897097,1.0264900662251,NA,1.39003148379235,1.48684393059678,1.63136460111547,NA
2021-07-16,230,37,320,192,NA,NA,15,5,0,0,NA,NA,NA,NA,1.75172047015869,1.0264900662251,NA,1.32408483733725,1.40458365765018,1.51843696780857,NA
2021-07-17,230,37,320,192,NA,NA,15,5,0,0,NA,NA,NA,NA,1.51359586248089,1.0264900662251,NA,1.23788256903418,1.29094490448232,1.3650231793462,NA
2021-07-18,230,37,320,192,NA,NA,15,5,0,0,NA,NA,NA,NA,1.31888213617767,1.0264900662251,NA,1.16072852047385,1.19037745185364,1.23413294847876,NA
2021-07-19,230,37,320,192,NA,NA,15,5,0,0,NA,NA,NA,NA,1.19191471322432,1.0264900662251,NA,1.10499338705301,1.11920979940487,1.14438695654903,NA
2021-07-20,230,37,320,192,NA,NA,15,5,0,0,NA,NA,NA,NA,1.1141709471123,1.0264900662251,NA,1.06824064908805,1.07304282067736,1.08742337238145,NA
2021-07-21,370,55,452,234,NA,NA,15,5,0,0,NA,NA,NA,NA,1.28732250227904,1.0264900662251,NA,1.29592052921929,1.15821035272953,1.37204444198561,NA
2021-07-22,370,55,452,234,NA,NA,15,5,0,0,NA,NA,NA,NA,1.45917054434407,1.0264900662251,NA,1.51521101487926,1.24690412388644,1.64324737556683,NA
2021-07-23,370,55,452,234,NA,NA,15,5,0,0,NA,NA,NA,NA,1.38322511071366,1.0264900662251,NA,1.43852677554321,1.2097541243352,1.53700431530469,NA
2021-07-24,370,55,452,234,NA,NA,15,5,0,0,NA,NA,NA,NA,1.27660890016209,1.0264900662251,NA,1.31874472644441,1.15661797249649,1.37963751774844,NA
2021-07-25,370,55,452,234,NA,NA,15,5,0,0,NA,NA,NA,NA,1.18131816143363,1.0264900662251,NA,1.21034677619332,1.10630240679516,1.24326662425052,NA
2021-07-26,370,55,452,234,NA,NA,15,5,0,0,NA,NA,NA,NA,1.11342383450519,1.0264900662251,NA,1.13346544980164,1.06848243851545,1.14963026176552,NA
2021-07-27,370,55,452,234,NA,NA,15,5,0,0,NA,NA,NA,NA,1.06918377696976,1.0264900662251,NA,1.08365895959294,1.04286731394508,1.0902581576817,NA
2021-07-28,324,55,492,219,NA,NA,15,5,0,0,NA,NA,NA,NA,1.08758718153354,1.0264900662251,NA,1.05268169503899,0.993627536050145,0.988406737243477,NA
